FEM,,,,,,,,,,,,,,Trajectory,,,,,,,Transients,,,,,Aero,,,,,,,,Ground Winds,,,,,Turbulent Gust,,,Controller,,,,,,
Launch Vehicle,,,,,,,,,,,,,,Time,Dynamic_Pressure,Velocity,Mach,Thrust_X,Altitude,,Time Ign,Ignition Thrust,Time SD,Shutdown Thrust,,Grid,X0,Y0,Z0,X1,Y1,Z1,,Grid,FX,FY,FZ,,Altitude,Y-Gust,,Item,,,,,,
Centerline Grids,1001 (base) to 1021 (tip),,,Mass Properties,,,,,,,LV Frequency List (Hz),Pad Frequency List (Hz),,(sec),(psf),(fps),0.00,(lbs),(ft),,(sec),(lbf),(sec),(lbf),,Number, Angle of Attack = 0 (lbs),,,Delta for Each Degree of RY (lbs),,,,Number,(lbs),(lbs),(lbs),,(ft),(ft/sec),,Sensor Grids,1002,1020,,Sense only Y and Z rotations and rotation rates,,
Attach to Pad,1101-1104,,,6.26E+05,0.00,0.00,0.00,1.00E+05,-1.00E+05,,0.00,22.53,,0,0,0,0.00,1000000,0,,0,0,0,1000000,,1001,-10000,0,0,0,0,-1000,,1001,0,0,1000,,13600,0.0,,Sensor Blending,0.5,0.5,(i.e. average),,,
Frequency ,0-30 Hz,,,0.00,6.26E+05,0.00,-1.00E+05,0.00,2.45E+08,,0.00,22.77,,1,0,6,0.01,1000000,14,,0.015,3516,1,1000000,,1003,0,0,0,0,0,-800,,1003,0,0,1000,,13610,0.0,,,,,,,,
Engine Thrust Grid,1001,,,0.00,0.00,6.26E+05,1.00E+05,-2.45E+08,0.00,,0.00,23.40,,2,0,12,0.01,1000000,52,,0.029,11245,1.008,996484,,1005,0,0,0,0,0,-600,,1005,0,0,1000,,13620,0.0,,Filter,"4th Order Butterworth with filter frequency of 1.0 Hz and B, A given by:",,,,,
Data Recovery: Accel Grids,"1001, 1009, 1021",,,0.00,-1.00E+05,1.00E+05,2.14E+08,-8.50E+07,-8.50E+07,,0.00,23.40,,3,1,18,0.02,1000000,113,,0.045,14634,1.015,988755,,1007,0,0,0,0,0,-400,,1007,0,0,1000,,13630,0.0,,(both disp and vel),B,9.66139663398866E-11,3.86455865359546E-10,5.79683798039320E-10,3.86455865359546E-10,9.66139663398866E-11
Data Recovery: Force Elements,"1001 (End A), 1010 (B), 1020 (B), 1101-1104 (B)",,,1.00E+05,0.00,-2.45E+08,-8.50E+07,1.46E+11,-1.00E+06,,0.00,24.82,,4,1,24,0.02,1000000,200,,0.061,17977,1.023,985366,,1009,0,0,0,0,0,-400,,1009,0,0,1000,,13640,0.0,,,A,1.00000000000000E+00,-3.98358125865852E+00,5.95087842926669E+00,-3.95101243657283E+00,9.83715267510478E-01
Damping: Diagonal,1% critical,,,-1.00E+05,2.45E+08,0.00,-8.50E+07,-1.00E+06,1.46E+11,,0.00,25.83,,5,2,31,0.03,1000000,313,,0.077,24934,1.031,982023,,1011,0,0,0,0,0,-400,,1011,0,0,1000,,13650,0.0,,,,,,,,
Damping: Coupled,Use damping from CBUSH in model,,,,,,,,,,1.57,25.83,,6,2,37,0.04,1000000,451,,0.093,41230,1.039,975066,,1013,1000,0,0,0,0,-600,,1013,0,0,1000,,13660,0.0,,PID Gains,,Kp,Kd,Ki,,
,,,,,X,Y,Z,,,,1.57,26.16,,7,3,44,0.04,1000000,617,,0.109,70795,1.047,958770,,1015,0,0,0,0,0,-800,,1015,0,0,1000,,13670,0.0,,,RX,0,0,0,<--,Torsion uncontrolled
,,,,CG,354.43,0.16,0.16,,,,4.48,26.16,,8,5,51,0.05,1000000,811,,0.125,107414,1.055,929205,,1017,0,-1000,-1000,0,0,-1000,,1017,0,0,1000,,13680,-0.1,,,RY,6.00E-01,1.00E+00,1.00E-02,,
,,,,,,,,,,,4.48,27.61,,9,6,58,0.05,1000000,1033,,0.141,221051,1.063,892586,,1019,0,-1000,-1000,0,0,-1000,,1019,0,0,1000,,13690,-0.1,,,RZ,6.00E-01,1.00E+00,1.00E-02,,
,,,,,,,,,,,6.79,27.91,,10,7,66,0.06,1000000,1284,,0.157,335267,1.071,778949,,1021,-5000,0,0,0,0,-1000,,1021,0,0,1000,,13700,-0.1,,,,,,,,
Pad,,,,,,,,,,,7.97,27.95,,11,9,73,0.07,1000000,1565,,0.173,369895,1.079,664733,,,,,,,,,,,,,,,13710,-0.1,,Controller Loop in Text:,,,,,,
Attach to Vehicle,2101-2104,,,,,,,,,,7.98,,,12,11,81,0.08,1000000,1877,,0.189,405815,1.087,630105,,Note: Aero forces for 4 degree angle of attack = Aero0 + 4*Aero1,,,,,,,,,,,,,13720,-0.1,,"Sense theta, theta_dot",,,,,,
Frequency,0-30 Hz,,,,,,,,,,10.63,,,13,13,89,0.08,1000000,2220,,0.205,458405,1.095,594185,,,,,,,,,,,,,,,13730,-0.1,,Blend sensors,,,,,,
No wind applied to Pad,,,,,,,,,,,11.81,,,14,16,97,0.09,1000000,2595,,0.221,550807,1.103,541595,,,,,,,,,,,,,,,13740,-0.2,,Filter,,,,,,
,,,,,,,,,,,11.82,,,15,19,105,0.10,1000000,3003,,0.237,602704,1.111,449193,,,,,,,,,,,,,,,13750,-0.2,,Integrate theta,,,,,,
,,,,,,,,,,,15.33,,,16,22,114,0.11,1000000,3445,,0.253,635802,1.119,397296,,,,,,,,,,,,,,,13760,-0.2,,Apply gains,,,,,,
,,,,,,,,,,,15.49,,,17,25,123,0.11,1000000,3922,,0.269,679200,1.127,364198,,,,,,,,,,,,,,,13770,-0.2,,Create engine commands,,,,,,
,,,,,,,,,,,15.49,,,18,29,132,0.12,1000000,4434,,0.285,734081,1.135,320800,,,,,,,,,,,,,,,13780,-0.2,,Feed back to sensing theta and theta_dot,,,,,,
,,,,,,,,,,,18.84,,,19,33,141,0.13,1000000,4981,,0.301,773639,1.143,265919,,,,,,,,,,,,,,,13790,-0.3,,All angles should be in radians,,,,,,
,,,,,,,,,,,18.84,,,20,37,150,0.14,1000000,5566,,0.317,794690,1.151,226361,,,,,,,,,,,,,,,13800,-0.3,,,,,,,,
,,,,,,,,,,,21.48,,,21,41,160,0.15,1000000,6189,,0.333,826178,1.159,205310,,,,,,,,,,,,,,,13810,-0.3,,,,,,,,
,,,,,,,,,,,21.48,,,22,46,169,0.16,1000000,6850,,0.349,852907,1.167,173822,,,,,,,,,,,,,,,13820,-0.3,,,,,,,,
,,,,,,,,,,,24.10,,,23,52,179,0.17,1000000,7550,,0.365,867011,1.175,147093,,,,,,,,,,,,,,,13830,-0.4,,,,,,,,
,,,,,,,,,,,24.41,,,24,58,189,0.18,1000000,8291,,0.381,887694,1.183,132989,,,,,,,,,,,,,,,13840,-0.4,,,,,,,,
,,,,,,,,,,,24.88,,,25,64,200,0.19,1000000,9073,,0.397,904273,1.191,112306,,,,,,,,,,,,,,,13850,-0.4,,,,,,,,
,,,,,,,,,,,24.92,,,26,70,211,0.20,1000000,9898,,0.413,916893,1.199,95727,,,,,,,,,,,,,,,13860,-0.4,,,,,,,,
,,,,,,,,,,,26.97,,,27,77,221,0.21,1000000,10765,,0.429,925587,1.207,83107,,,,,,,,,,,,,,,13870,-0.5,,,,,,,,
,,,,,,,,,,,26.98,,,28,85,233,0.22,1000000,11676,,0.445,942263,1.215,74413,,,,,,,,,,,,,,,13880,-0.5,,,,,,,,
,,,,,,,,,,,,,,29,92,244,0.23,1000000,12632,,0.461,948877,1.223,57737,,,,,,,,,,,,,,,13890,-0.5,,,,,,,,
,,,,,,,,,,,,,,30,101,256,0.24,1000000,13600,,0.477,953473,1.231,51123,,,,,,,,,,,,,,,13900,-0.5,,,,,,,,
,,,,,,,,,,,,,,31,109,267,0.25,1000000,14681,,0.494,961262,1.239,46527,,,,,,,,,,,,,,,13910,-0.6,,,,,,,,
,,,,,,,,,,,,,,32,119,279,0.26,1000000,15777,,0.51,966823,1.247,38738,,,,,,,,,,,,,,,13920,-0.6,,,,,,,,
,,,,,,,,,,,,,,33,128,292,0.28,1000000,16921,,0.526,972097,1.255,33177,,,,,,,,,,,,,,,13930,-0.6,,,,,,,,
,,,,,,,,,,,,,,34,138,304,0.29,1000000,18115,,0.542,975126,1.263,27903,,,,,,,,,,,,,,,13940,-0.6,,,,,,,,
,,,,,,,,,,,,,,35,149,317,0.30,1000000,19359,,0.558,978425,1.271,24874,,,,,,,,,,,,,,,13950,-0.6,,,,,,,,
,,,,,,,,,,,,,,36,160,330,0.31,1000000,20655,,0.574,981053,1.279,21575,,,,,,,,,,,,,,,13960,-0.6,,,,,,,,
,,,,,,,,,,,,,,37,171,344,0.33,1000000,22002,,0.589,981628,1.287,18947,,,,,,,,,,,,,,,13970,-0.7,,,,,,,,
,,,,,,,,,,,,,,38,183,358,0.34,1000000,23404,,0.605,983264,1.295,18372,,,,,,,,,,,,,,,13980,-0.7,,,,,,,,
,,,,,,,,,,,,,,39,195,372,0.35,1000000,24859,,0.621,983542,1.303,16736,,,,,,,,,,,,,,,13990,-0.7,,,,,,,,
,,,,,,,,,,,,,,40,208,386,0.37,1000000,26370,,0.637,984178,1.311,16458,,,,,,,,,,,,,,,14000,-0.7,,,,,,,,
,,,,,,,,,,,,,,41,221,401,0.38,1000000,27936,,0.653,986345,1.319,15822,,,,,,,,,,,,,,,14010,-0.7,,,,,,,,
,,,,,,,,,,,,,,42,235,415,0.40,1000000,29560,,0.669,985770,1.327,13655,,,,,,,,,,,,,,,14020,-0.7,,,,,,,,
,,,,,,,,,,,,,,43,249,431,0.41,1000000,31243,,0.685,986884,1.335,14230,,,,,,,,,,,,,,,14030,-0.7,,,,,,,,
,,,,,,,,,,,,,,44,264,446,0.43,1000000,32984,,0.701,988007,1.343,13116,,,,,,,,,,,,,,,14040,-0.8,,,,,,,,
,,,,,,,,,,,,,,45,279,462,0.44,1000000,34785,,0.717,987824,1.351,11993,,,,,,,,,,,,,,,14050,-0.8,,,,,,,,
,,,,,,,,,,,,,,46,294,478,0.46,1000000,36648,,0.733,987781,1.359,12176,,,,,,,,,,,,,,,14060,-0.8,,,,,,,,
,,,,,,,,,,,,,,47,310,495,0.47,1000000,38572,,0.749,987328,1.367,12219,,,,,,,,,,,,,,,14070,-0.8,,,,,,,,
,,,,,,,,,,,,,,48,326,512,0.49,1000000,40560,,0.765,987502,1.375,12672,,,,,,,,,,,,,,,14080,-0.8,,,,,,,,
,,,,,,,,,,,,,,49,343,529,0.51,1000000,42611,,0.781,988207,1.383,12498,,,,,,,,,,,,,,,14090,-0.9,,,,,,,,
,,,,,,,,,,,,,,50,360,546,0.53,1000000,44727,,0.797,989258,1.391,11793,,,,,,,,,,,,,,,14100,-0.9,,,,,,,,
,,,,,,,,,,,,,,51,377,564,0.55,1000000,46909,,0.813,990815,1.399,10742,,,,,,,,,,,,,,,14110,-0.9,,,,,,,,
,,,,,,,,,,,,,,52,394,583,0.56,1000000,49158,,0.829,991624,1.407,9185,,,,,,,,,,,,,,,14120,-0.9,,,,,,,,
,,,,,,,,,,,,,,53,412,601,0.58,1000000,51474,,0.845,992963,1.415,8376,,,,,,,,,,,,,,,14130,-0.9,,,,,,,,
,,,,,,,,,,,,,,54,430,621,0.60,1000000,53859,,0.861,993544,1.423,7037,,,,,,,,,,,,,,,14140,-0.9,,,,,,,,
,,,,,,,,,,,,,,55,449,640,0.62,1000000,56314,,0.877,994788,1.431,6456,,,,,,,,,,,,,,,14150,-0.8,,,,,,,,
,,,,,,,,,,,,,,56,467,660,0.64,1000000,58838,,0.893,995232,1.439,5212,,,,,,,,,,,,,,,14160,-0.8,,,,,,,,
,,,,,,,,,,,,,,57,486,680,0.67,1000000,61434,,0.909,996788,1.447,4768,,,,,,,,,,,,,,,14170,-0.7,,,,,,,,
,,,,,,,,,,,,,,58,505,701,0.69,1000000,64101,,0.925,997814,1.455,3212,,,,,,,,,,,,,,,14180,-0.7,,,,,,,,
,,,,,,,,,,,,,,59,523,722,0.71,1000000,66841,,0.941,998857,1.463,2186,,,,,,,,,,,,,,,14190,-0.6,,,,,,,,
,,,,,,,,,,,,,,60,542,743,0.73,1000000,69654,,0.957,999270,1.471,1143,,,,,,,,,,,,,,,14200,-0.5,,,,,,,,
,,,,,,,,,,,,,,61,561,765,0.76,1000000,72541,,0.973,999857,1.479,730,,,,,,,,,,,,,,,14210,-0.4,,,,,,,,
,,,,,,,,,,,,,,62,579,788,0.78,1000000,75502,,1.000,1000000,1.487,143,,,,,,,,,,,,,,,14220,-0.3,,,,,,,,
,,,,,,,,,,,,,,63,598,810,0.81,1000000,78539,,2.000,1000000,1.500,0,,,,,,,,,,,,,,,14230,-0.2,,,,,,,,
,,,,,,,,,,,,,,64,616,833,0.83,1000000,81651,,3.000,1000000,2.000,0,,,,,,,,,,,,,,,14240,-0.1,,,,,,,,
,,,,,,,,,,,,,,65,633,857,0.86,1000000,84838,,4.000,1000000,4.000,0,,,,,,,,,,,,,,,14250,0.0,,,,,,,,
,,,,,,,,,,,,,,66,650,880,0.89,1000000,88102,,5.000,1000000,5.000,0,,,,,,,,,,,,,,,14260,0.2,,,,,,,,
,,,,,,,,,,,,,,67,667,904,0.91,1000000,91440,,6.000,1000000,6.000,0,,,,,,,,,,,,,,,14270,0.3,,,,,,,,
,,,,,,,,,,,,,,68,682,928,0.94,1000000,94853,,7.000,1000000,7.000,0,,,,,,,,,,,,,,,14280,0.4,,,,,,,,
,,,,,,,,,,,,,,69,697,952,0.97,1000000,98341,,8.000,1000000,8.000,0,,,,,,,,,,,,,,,14290,0.5,,,,,,,,
,,,,,,,,,,,,,,70,710,976,1.00,1000000,101901,,9.000,1000000,9.000,0,,,,,,,,,,,,,,,14300,0.7,,,,,,,,
,,,,,,,,,,,,,,71,723,1000,1.03,1000000,105533,,10.000,1000000,10.000,0,,,,,,,,,,,,,,,14310,0.8,,,,,,,,
,,,,,,,,,,,,,,72,734,1024,1.06,1000000,109237,,,,,,,,,,,,,,,,,,,,14320,0.9,,,,,,,,
,,,,,,,,,,,,,,73,744,1049,1.09,1000000,113010,,,,,,,,,,,,,,,,,,,,14330,1.0,,,,,,,,
,,,,,,,,,,,,,,74,754,1073,1.12,1000000,116853,,,,,,,,,,,,,,,,,,,,14340,1.1,,,,,,,,
,,,,,,,,,,,,,,75,763,1098,1.15,1000000,120766,,,,,,,,,,,,,,,,,,,,14350,1.2,,,,,,,,
,,,,,,,,,,,,,,76,770,1124,1.18,1000000,124747,,,,,,,,,,,,,,,,,,,,14360,1.3,,,,,,,,
,,,,,,,,,,,,,,77,777,1150,1.22,1000000,128797,,,,,,,,,,,,,,,,,,,,14370,1.5,,,,,,,,
,,,,,,,,,,,,,,78,783,1176,1.25,1000000,132915,,,,,,,,,,,,,,,,,,,,14380,1.6,,,,,,,,
,,,,,,,,,,,,,,79,788,1204,1.29,1000000,137102,,,,,,,,,,,,,,,,,,,,14390,1.7,,,,,,,,
,,,,,,,,,,,,,,80,792,1232,1.32,1000000,141357,,,,,,,,,,,,,,,,,,,,14400,1.8,,,,,,,,
,,,,,,,,,,,,,,81,795,1260,1.36,1000000,145681,,,,,,,,,,,,,,,,,,,,14410,1.9,,,,,,,,
,,,,,,,,,,,,,,82,797,1289,1.40,1000000,150075,,,,,,,,,,,,,,,,,,,,14420,2.0,,,,,,,,
,,,,,,,,,,,,,,83,797,1319,1.44,1000000,154539,,,,,,,,,,,,,,,,,,,,14430,2.0,,,,,,,,
,,,,,,,,,,,,,,84,796,1350,1.48,1000000,159073,,,,,,,,,,,,,,,,,,,,14440,2.1,,,,,,,,
,,,,,,,,,,,,,,85,792,1381,1.52,1000000,163678,,,,,,,,,,,,,,,,,,,,14450,2.2,,,,,,,,
,,,,,,,,,,,,,,86,787,1413,1.57,1000000,168354,,,,,,,,,,,,,,,,,,,,14460,2.3,,,,,,,,
,,,,,,,,,,,,,,87,780,1446,1.61,1000000,173103,,,,,,,,,,,,,,,,,,,,14470,2.3,,,,,,,,
,,,,,,,,,,,,,,88,771,1480,1.65,1000000,177924,,,,,,,,,,,,,,,,,,,,14480,2.4,,,,,,,,
,,,,,,,,,,,,,,89,761,1515,1.69,1000000,182819,,,,,,,,,,,,,,,,,,,,14490,2.4,,,,,,,,
,,,,,,,,,,,,,,90,750,1550,1.74,1000000,187789,,,,,,,,,,,,,,,,,,,,14500,2.4,,,,,,,,
,,,,,,,,,,,,,,91,739,1586,1.78,1000000,192835,,,,,,,,,,,,,,,,,,,,14510,2.5,,,,,,,,
,,,,,,,,,,,,,,92,726,1623,1.83,1000000,197958,,,,,,,,,,,,,,,,,,,,14520,2.5,,,,,,,,
,,,,,,,,,,,,,,93,712,1661,1.87,1000000,203159,,,,,,,,,,,,,,,,,,,,14530,2.5,,,,,,,,
,,,,,,,,,,,,,,94,697,1700,1.92,1000000,208439,,,,,,,,,,,,,,,,,,,,14540,2.5,,,,,,,,
,,,,,,,,,,,,,,95,680,1740,1.97,1000000,213801,,,,,,,,,,,,,,,,,,,,14550,2.5,,,,,,,,
,,,,,,,,,,,,,,96,662,1781,2.01,1000000,219243,,,,,,,,,,,,,,,,,,,,14560,2.4,,,,,,,,
,,,,,,,,,,,,,,97,642,1823,2.06,1000000,224767,,,,,,,,,,,,,,,,,,,,14570,2.4,,,,,,,,
,,,,,,,,,,,,,,98,620,1865,2.10,1000000,230374,,,,,,,,,,,,,,,,,,,,14580,2.4,,,,,,,,
,,,,,,,,,,,,,,99,598,1909,2.14,1000000,236064,,,,,,,,,,,,,,,,,,,,14590,2.3,,,,,,,,
,,,,,,,,,,,,,,100,575,1953,2.18,1000000,241838,,,,,,,,,,,,,,,,,,,,14600,2.3,,,,,,,,
,,,,,,,,,,,,,,101,553,1998,2.23,1000000,247696,,,,,,,,,,,,,,,,,,,,14610,2.3,,,,,,,,
,,,,,,,,,,,,,,102,532,2045,2.27,1000000,253640,,,,,,,,,,,,,,,,,,,,14620,2.3,,,,,,,,
,,,,,,,,,,,,,,103,511,2092,2.31,1000000,259669,,,,,,,,,,,,,,,,,,,,14630,2.2,,,,,,,,
,,,,,,,,,,,,,,104,491,2140,2.36,1000000,265785,,,,,,,,,,,,,,,,,,,,14640,2.2,,,,,,,,
,,,,,,,,,,,,,,105,473,2189,2.41,1000000,271988,,,,,,,,,,,,,,,,,,,,14650,2.2,,,,,,,,
,,,,,,,,,,,,,,106,453,2239,2.45,1000000,278278,,,,,,,,,,,,,,,,,,,,14660,2.3,,,,,,,,
,,,,,,,,,,,,,,107,435,2290,2.50,1000000,284657,,,,,,,,,,,,,,,,,,,,14670,2.3,,,,,,,,
,,,,,,,,,,,,,,108,418,2343,2.55,1000000,291124,,,,,,,,,,,,,,,,,,,,14680,2.3,,,,,,,,
,,,,,,,,,,,,,,109,400,2396,2.60,1000000,297680,,,,,,,,,,,,,,,,,,,,14690,2.4,,,,,,,,
,,,,,,,,,,,,,,110,383,2450,2.65,1000000,304327,,,,,,,,,,,,,,,,,,,,14700,2.4,,,,,,,,
,,,,,,,,,,,,,,111,368,2505,2.71,1000000,311064,,,,,,,,,,,,,,,,,,,,14710,2.5,,,,,,,,
,,,,,,,,,,,,,,112,350,2561,2.76,1000000,317892,,,,,,,,,,,,,,,,,,,,14720,2.5,,,,,,,,
,,,,,,,,,,,,,,113,335,2618,2.81,1000000,324811,,,,,,,,,,,,,,,,,,,,14730,2.6,,,,,,,,
,,,,,,,,,,,,,,114,319,2676,2.87,1000000,331823,,,,,,,,,,,,,,,,,,,,14740,2.6,,,,,,,,
,,,,,,,,,,,,,,115,305,2735,2.92,1000000,338927,,,,,,,,,,,,,,,,,,,,14750,2.7,,,,,,,,
,,,,,,,,,,,,,,116,290,2795,2.98,1000000,346125,,,,,,,,,,,,,,,,,,,,14760,2.7,,,,,,,,
,,,,,,,,,,,,,,117,277,2856,3.04,1000000,353416,,,,,,,,,,,,,,,,,,,,14770,2.8,,,,,,,,
,,,,,,,,,,,,,,118,264,2919,3.10,1000000,360802,,,,,,,,,,,,,,,,,,,,14780,2.8,,,,,,,,
,,,,,,,,,,,,,,119,251,2982,3.16,1000000,368283,,,,,,,,,,,,,,,,,,,,14790,2.8,,,,,,,,
,,,,,,,,,,,,,,120,238,3046,3.21,1000000,375860,,,,,,,,,,,,,,,,,,,,14800,2.8,,,,,,,,
,,,,,,,,,,,,,,121,225,3112,3.27,1000000,383533,,,,,,,,,,,,,,,,,,,,14810,2.8,,,,,,,,
,,,,,,,,,,,,,,122,213,3178,3.33,1000000,391304,,,,,,,,,,,,,,,,,,,,14820,2.8,,,,,,,,
,,,,,,,,,,,,,,123,202,3246,3.39,1000000,399172,,,,,,,,,,,,,,,,,,,,14830,2.8,,,,,,,,
,,,,,,,,,,,,,,124,191,3315,3.45,1000000,407138,,,,,,,,,,,,,,,,,,,,14840,2.7,,,,,,,,
,,,,,,,,,,,,,,125,181,3385,3.51,1000000,415204,,,,,,,,,,,,,,,,,,,,14850,2.7,,,,,,,,
,,,,,,,,,,,,,,126,171,3456,3.57,1000000,423369,,,,,,,,,,,,,,,,,,,,14860,2.6,,,,,,,,
,,,,,,,,,,,,,,127,161,3528,3.63,1000000,431635,,,,,,,,,,,,,,,,,,,,14870,2.6,,,,,,,,
,,,,,,,,,,,,,,128,152,3601,3.69,1000000,440003,,,,,,,,,,,,,,,,,,,,14880,2.5,,,,,,,,
,,,,,,,,,,,,,,129,143,3676,3.75,1000000,448473,,,,,,,,,,,,,,,,,,,,14890,2.4,,,,,,,,
,,,,,,,,,,,,,,130,135,3751,3.82,1000000,457045,,,,,,,,,,,,,,,,,,,,14900,2.4,,,,,,,,
,,,,,,,,,,,,,,131,127,3828,3.88,1000000,465722,,,,,,,,,,,,,,,,,,,,14910,2.3,,,,,,,,
,,,,,,,,,,,,,,132,119,3906,3.95,1000000,474503,,,,,,,,,,,,,,,,,,,,14920,2.3,,,,,,,,
,,,,,,,,,,,,,,133,112,3986,4.01,1000000,483391,,,,,,,,,,,,,,,,,,,,14930,2.2,,,,,,,,
,,,,,,,,,,,,,,134,105,4066,4.08,1000000,492385,,,,,,,,,,,,,,,,,,,,14940,2.2,,,,,,,,
,,,,,,,,,,,,,,135,99,4148,4.14,1000000,501486,,,,,,,,,,,,,,,,,,,,14950,2.1,,,,,,,,
,,,,,,,,,,,,,,136,93,4232,4.22,1000000,510697,,,,,,,,,,,,,,,,,,,,14960,2.1,,,,,,,,
,,,,,,,,,,,,,,137,87,4316,4.29,1000000,520018,,,,,,,,,,,,,,,,,,,,14970,2.1,,,,,,,,
,,,,,,,,,,,,,,138,82,4402,4.36,1000000,529449,,,,,,,,,,,,,,,,,,,,14980,2.1,,,,,,,,
,,,,,,,,,,,,,,139,77,4489,4.43,1000000,538993,,,,,,,,,,,,,,,,,,,,14990,2.0,,,,,,,,
,,,,,,,,,,,,,,140,72,4578,4.51,1000000,548650,,,,,,,,,,,,,,,,,,,,15000,2.0,,,,,,,,
,,,,,,,,,,,,,,141,68,4668,4.59,1000000,558422,,,,,,,,,,,,,,,,,,,,15010,1.9,,,,,,,,
,,,,,,,,,,,,,,142,64,4759,4.67,1000000,568311,,,,,,,,,,,,,,,,,,,,15020,1.9,,,,,,,,
,,,,,,,,,,,,,,143,60,4852,4.76,1000000,578316,,,,,,,,,,,,,,,,,,,,15030,1.8,,,,,,,,
,,,,,,,,,,,,,,144,56,4947,4.85,1000000,588441,,,,,,,,,,,,,,,,,,,,15040,1.7,,,,,,,,
,,,,,,,,,,,,,,145,53,5043,4.95,1000000,598686,,,,,,,,,,,,,,,,,,,,15050,1.7,,,,,,,,
,,,,,,,,,,,,,,146,49,5140,5.04,1000000,609052,,,,,,,,,,,,,,,,,,,,15060,1.6,,,,,,,,
,,,,,,,,,,,,,,147,46,5239,5.14,1000000,619543,,,,,,,,,,,,,,,,,,,,15070,1.5,,,,,,,,
,,,,,,,,,,,,,,148,43,5340,5.25,1000000,630158,,,,,,,,,,,,,,,,,,,,15080,1.4,,,,,,,,
,,,,,,,,,,,,,,149,41,5442,5.37,1000000,640901,,,,,,,,,,,,,,,,,,,,15090,1.3,,,,,,,,
,,,,,,,,,,,,,,150,38,5546,5.49,1000000,651772,,,,,,,,,,,,,,,,,,,,15100,1.2,,,,,,,,
,,,,,,,,,,,,,,151,35,5652,5.61,1000000,662774,,,,,,,,,,,,,,,,,,,,15110,1.1,,,,,,,,
,,,,,,,,,,,,,,152,33,5760,5.74,1000000,673909,,,,,,,,,,,,,,,,,,,,15120,1.0,,,,,,,,
,,,,,,,,,,,,,,153,31,5869,5.87,1000000,685179,,,,,,,,,,,,,,,,,,,,15130,1.0,,,,,,,,
,,,,,,,,,,,,,,154,29,5980,6.01,1000000,696586,,,,,,,,,,,,,,,,,,,,15140,0.9,,,,,,,,
,,,,,,,,,,,,,,155,26,6093,6.15,1000000,708132,,,,,,,,,,,,,,,,,,,,15150,0.8,,,,,,,,
,,,,,,,,,,,,,,156,24,6208,6.30,1000000,719820,,,,,,,,,,,,,,,,,,,,15160,0.8,,,,,,,,
,,,,,,,,,,,,,,157,23,6326,6.45,1000000,731652,,,,,,,,,,,,,,,,,,,,15170,0.8,,,,,,,,
,,,,,,,,,,,,,,158,21,6445,6.61,1000000,743632,,,,,,,,,,,,,,,,,,,,15180,0.7,,,,,,,,
,,,,,,,,,,,,,,159,19,6566,6.77,1000000,755760,,,,,,,,,,,,,,,,,,,,15190,0.7,,,,,,,,
,,,,,,,,,,,,,,160,17,6689,6.94,1000000,768041,,,,,,,,,,,,,,,,,,,,15200,0.7,,,,,,,,
,,,,,,,,,,,,,,,,,,,,,,,,,,,,,,,,,,,,,,,15210,0.6,,,,,,,,
,,,,,,,,,,,,,,,,,,,,,,,,,,,,,,,,,,,,,,,15220,0.6,,,,,,,,
,,,,,,,,,,,,,,,,,,,,,,,,,,,,,,,,,,,,,,,15230,0.5,,,,,,,,
,,,,,,,,,,,,,,,,,,,,,,,,,,,,,,,,,,,,,,,15240,0.4,,,,,,,,
,,,,,,,,,,,,,,,,,,,,,,,,,,,,,,,,,,,,,,,15250,0.3,,,,,,,,
,,,,,,,,,,,,,,,,,,,,,,,,,,,,,,,,,,,,,,,15260,0.2,,,,,,,,
,,,,,,,,,,,,,,,,,,,,,,,,,,,,,,,,,,,,,,,15270,0.0,,,,,,,,
,,,,,,,,,,,,,,,,,,,,,,,,,,,,,,,,,,,,,,,15280,-0.1,,,,,,,,
,,,,,,,,,,,,,,,,,,,,,,,,,,,,,,,,,,,,,,,15290,-0.3,,,,,,,,
,,,,,,,,,,,,,,,,,,,,,,,,,,,,,,,,,,,,,,,15300,-0.4,,,,,,,,
,,,,,,,,,,,,,,,,,,,,,,,,,,,,,,,,,,,,,,,15310,-0.6,,,,,,,,
,,,,,,,,,,,,,,,,,,,,,,,,,,,,,,,,,,,,,,,15320,-0.7,,,,,,,,
,,,,,,,,,,,,,,,,,,,,,,,,,,,,,,,,,,,,,,,15330,-0.8,,,,,,,,
,,,,,,,,,,,,,,,,,,,,,,,,,,,,,,,,,,,,,,,15340,-0.9,,,,,,,,
,,,,,,,,,,,,,,,,,,,,,,,,,,,,,,,,,,,,,,,15350,-1.0,,,,,,,,
,,,,,,,,,,,,,,,,,,,,,,,,,,,,,,,,,,,,,,,15360,-1.1,,,,,,,,
,,,,,,,,,,,,,,,,,,,,,,,,,,,,,,,,,,,,,,,15370,-1.1,,,,,,,,
,,,,,,,,,,,,,,,,,,,,,,,,,,,,,,,,,,,,,,,15380,-1.1,,,,,,,,
,,,,,,,,,,,,,,,,,,,,,,,,,,,,,,,,,,,,,,,15390,-1.1,,,,,,,,
,,,,,,,,,,,,,,,,,,,,,,,,,,,,,,,,,,,,,,,15400,-1.1,,,,,,,,
,,,,,,,,,,,,,,,,,,,,,,,,,,,,,,,,,,,,,,,15410,-1.0,,,,,,,,
,,,,,,,,,,,,,,,,,,,,,,,,,,,,,,,,,,,,,,,15420,-0.9,,,,,,,,
,,,,,,,,,,,,,,,,,,,,,,,,,,,,,,,,,,,,,,,15430,-0.8,,,,,,,,
,,,,,,,,,,,,,,,,,,,,,,,,,,,,,,,,,,,,,,,15440,-0.7,,,,,,,,
,,,,,,,,,,,,,,,,,,,,,,,,,,,,,,,,,,,,,,,15450,-0.6,,,,,,,,
,,,,,,,,,,,,,,,,,,,,,,,,,,,,,,,,,,,,,,,15460,-0.5,,,,,,,,
,,,,,,,,,,,,,,,,,,,,,,,,,,,,,,,,,,,,,,,15470,-0.5,,,,,,,,
,,,,,,,,,,,,,,,,,,,,,,,,,,,,,,,,,,,,,,,15480,-0.4,,,,,,,,
,,,,,,,,,,,,,,,,,,,,,,,,,,,,,,,,,,,,,,,15490,-0.4,,,,,,,,
,,,,,,,,,,,,,,,,,,,,,,,,,,,,,,,,,,,,,,,15500,-0.4,,,,,,,,
,,,,,,,,,,,,,,,,,,,,,,,,,,,,,,,,,,,,,,,15510,-0.4,,,,,,,,
,,,,,,,,,,,,,,,,,,,,,,,,,,,,,,,,,,,,,,,15520,-0.5,,,,,,,,
,,,,,,,,,,,,,,,,,,,,,,,,,,,,,,,,,,,,,,,15530,-0.5,,,,,,,,
,,,,,,,,,,,,,,,,,,,,,,,,,,,,,,,,,,,,,,,15540,-0.6,,,,,,,,
,,,,,,,,,,,,,,,,,,,,,,,,,,,,,,,,,,,,,,,15550,-0.8,,,,,,,,
,,,,,,,,,,,,,,,,,,,,,,,,,,,,,,,,,,,,,,,15560,-0.9,,,,,,,,
,,,,,,,,,,,,,,,,,,,,,,,,,,,,,,,,,,,,,,,15570,-1.0,,,,,,,,
,,,,,,,,,,,,,,,,,,,,,,,,,,,,,,,,,,,,,,,15580,-1.1,,,,,,,,
,,,,,,,,,,,,,,,,,,,,,,,,,,,,,,,,,,,,,,,15590,-1.2,,,,,,,,
,,,,,,,,,,,,,,,,,,,,,,,,,,,,,,,,,,,,,,,15600,-1.3,,,,,,,,
,,,,,,,,,,,,,,,,,,,,,,,,,,,,,,,,,,,,,,,15610,-1.4,,,,,,,,
,,,,,,,,,,,,,,,,,,,,,,,,,,,,,,,,,,,,,,,15620,-1.5,,,,,,,,
,,,,,,,,,,,,,,,,,,,,,,,,,,,,,,,,,,,,,,,15630,-1.5,,,,,,,,
,,,,,,,,,,,,,,,,,,,,,,,,,,,,,,,,,,,,,,,15640,-1.6,,,,,,,,
,,,,,,,,,,,,,,,,,,,,,,,,,,,,,,,,,,,,,,,15650,-1.5,,,,,,,,
,,,,,,,,,,,,,,,,,,,,,,,,,,,,,,,,,,,,,,,15660,-1.5,,,,,,,,
,,,,,,,,,,,,,,,,,,,,,,,,,,,,,,,,,,,,,,,15670,-1.5,,,,,,,,
,,,,,,,,,,,,,,,,,,,,,,,,,,,,,,,,,,,,,,,15680,-1.4,,,,,,,,
,,,,,,,,,,,,,,,,,,,,,,,,,,,,,,,,,,,,,,,15690,-1.4,,,,,,,,
,,,,,,,,,,,,,,,,,,,,,,,,,,,,,,,,,,,,,,,15700,-1.3,,,,,,,,
,,,,,,,,,,,,,,,,,,,,,,,,,,,,,,,,,,,,,,,15710,-1.3,,,,,,,,
,,,,,,,,,,,,,,,,,,,,,,,,,,,,,,,,,,,,,,,15720,-1.2,,,,,,,,
,,,,,,,,,,,,,,,,,,,,,,,,,,,,,,,,,,,,,,,15730,-1.1,,,,,,,,
,,,,,,,,,,,,,,,,,,,,,,,,,,,,,,,,,,,,,,,15740,-1.1,,,,,,,,
,,,,,,,,,,,,,,,,,,,,,,,,,,,,,,,,,,,,,,,15750,-1.1,,,,,,,,
,,,,,,,,,,,,,,,,,,,,,,,,,,,,,,,,,,,,,,,15760,-1.1,,,,,,,,
,,,,,,,,,,,,,,,,,,,,,,,,,,,,,,,,,,,,,,,15770,-1.1,,,,,,,,
,,,,,,,,,,,,,,,,,,,,,,,,,,,,,,,,,,,,,,,15780,-1.2,,,,,,,,
,,,,,,,,,,,,,,,,,,,,,,,,,,,,,,,,,,,,,,,15790,-1.2,,,,,,,,
,,,,,,,,,,,,,,,,,,,,,,,,,,,,,,,,,,,,,,,15800,-1.3,,,,,,,,
,,,,,,,,,,,,,,,,,,,,,,,,,,,,,,,,,,,,,,,15810,-1.4,,,,,,,,
,,,,,,,,,,,,,,,,,,,,,,,,,,,,,,,,,,,,,,,15820,-1.4,,,,,,,,
,,,,,,,,,,,,,,,,,,,,,,,,,,,,,,,,,,,,,,,15830,-1.5,,,,,,,,
,,,,,,,,,,,,,,,,,,,,,,,,,,,,,,,,,,,,,,,15840,-1.6,,,,,,,,
,,,,,,,,,,,,,,,,,,,,,,,,,,,,,,,,,,,,,,,15850,-1.7,,,,,,,,
,,,,,,,,,,,,,,,,,,,,,,,,,,,,,,,,,,,,,,,15860,-1.8,,,,,,,,
,,,,,,,,,,,,,,,,,,,,,,,,,,,,,,,,,,,,,,,15870,-1.8,,,,,,,,
,,,,,,,,,,,,,,,,,,,,,,,,,,,,,,,,,,,,,,,15880,-1.9,,,,,,,,
,,,,,,,,,,,,,,,,,,,,,,,,,,,,,,,,,,,,,,,15890,-1.9,,,,,,,,
,,,,,,,,,,,,,,,,,,,,,,,,,,,,,,,,,,,,,,,15900,-2.0,,,,,,,,
,,,,,,,,,,,,,,,,,,,,,,,,,,,,,,,,,,,,,,,15910,-2.0,,,,,,,,
,,,,,,,,,,,,,,,,,,,,,,,,,,,,,,,,,,,,,,,15920,-2.0,,,,,,,,
,,,,,,,,,,,,,,,,,,,,,,,,,,,,,,,,,,,,,,,15930,-2.0,,,,,,,,
,,,,,,,,,,,,,,,,,,,,,,,,,,,,,,,,,,,,,,,15940,-2.1,,,,,,,,
,,,,,,,,,,,,,,,,,,,,,,,,,,,,,,,,,,,,,,,15950,-2.1,,,,,,,,
,,,,,,,,,,,,,,,,,,,,,,,,,,,,,,,,,,,,,,,15960,-2.1,,,,,,,,
,,,,,,,,,,,,,,,,,,,,,,,,,,,,,,,,,,,,,,,15970,-2.1,,,,,,,,
,,,,,,,,,,,,,,,,,,,,,,,,,,,,,,,,,,,,,,,15980,-2.1,,,,,,,,
,,,,,,,,,,,,,,,,,,,,,,,,,,,,,,,,,,,,,,,15990,-2.1,,,,,,,,
,,,,,,,,,,,,,,,,,,,,,,,,,,,,,,,,,,,,,,,16000,-2.1,,,,,,,,
,,,,,,,,,,,,,,,,,,,,,,,,,,,,,,,,,,,,,,,16010,-2.1,,,,,,,,
,,,,,,,,,,,,,,,,,,,,,,,,,,,,,,,,,,,,,,,16020,-2.2,,,,,,,,
,,,,,,,,,,,,,,,,,,,,,,,,,,,,,,,,,,,,,,,16030,-2.2,,,,,,,,
,,,,,,,,,,,,,,,,,,,,,,,,,,,,,,,,,,,,,,,16040,-2.3,,,,,,,,
,,,,,,,,,,,,,,,,,,,,,,,,,,,,,,,,,,,,,,,16050,-2.3,,,,,,,,
,,,,,,,,,,,,,,,,,,,,,,,,,,,,,,,,,,,,,,,16060,-2.4,,,,,,,,
,,,,,,,,,,,,,,,,,,,,,,,,,,,,,,,,,,,,,,,16070,-2.5,,,,,,,,
,,,,,,,,,,,,,,,,,,,,,,,,,,,,,,,,,,,,,,,16080,-2.5,,,,,,,,
,,,,,,,,,,,,,,,,,,,,,,,,,,,,,,,,,,,,,,,16090,-2.6,,,,,,,,
,,,,,,,,,,,,,,,,,,,,,,,,,,,,,,,,,,,,,,,16100,-2.6,,,,,,,,
,,,,,,,,,,,,,,,,,,,,,,,,,,,,,,,,,,,,,,,16110,-2.6,,,,,,,,
,,,,,,,,,,,,,,,,,,,,,,,,,,,,,,,,,,,,,,,16120,-2.6,,,,,,,,
,,,,,,,,,,,,,,,,,,,,,,,,,,,,,,,,,,,,,,,16130,-2.6,,,,,,,,
,,,,,,,,,,,,,,,,,,,,,,,,,,,,,,,,,,,,,,,16140,-2.6,,,,,,,,
,,,,,,,,,,,,,,,,,,,,,,,,,,,,,,,,,,,,,,,16150,-2.5,,,,,,,,
,,,,,,,,,,,,,,,,,,,,,,,,,,,,,,,,,,,,,,,16160,-2.5,,,,,,,,
,,,,,,,,,,,,,,,,,,,,,,,,,,,,,,,,,,,,,,,16170,-2.4,,,,,,,,
,,,,,,,,,,,,,,,,,,,,,,,,,,,,,,,,,,,,,,,16180,-2.3,,,,,,,,
,,,,,,,,,,,,,,,,,,,,,,,,,,,,,,,,,,,,,,,16190,-2.1,,,,,,,,
,,,,,,,,,,,,,,,,,,,,,,,,,,,,,,,,,,,,,,,16200,-2.0,,,,,,,,
,,,,,,,,,,,,,,,,,,,,,,,,,,,,,,,,,,,,,,,16210,-1.9,,,,,,,,
,,,,,,,,,,,,,,,,,,,,,,,,,,,,,,,,,,,,,,,16220,-1.7,,,,,,,,
,,,,,,,,,,,,,,,,,,,,,,,,,,,,,,,,,,,,,,,16230,-1.5,,,,,,,,
,,,,,,,,,,,,,,,,,,,,,,,,,,,,,,,,,,,,,,,16240,-1.4,,,,,,,,
,,,,,,,,,,,,,,,,,,,,,,,,,,,,,,,,,,,,,,,16250,-1.2,,,,,,,,
,,,,,,,,,,,,,,,,,,,,,,,,,,,,,,,,,,,,,,,16260,-1.1,,,,,,,,
,,,,,,,,,,,,,,,,,,,,,,,,,,,,,,,,,,,,,,,16270,-1.0,,,,,,,,
,,,,,,,,,,,,,,,,,,,,,,,,,,,,,,,,,,,,,,,16280,-0.8,,,,,,,,
,,,,,,,,,,,,,,,,,,,,,,,,,,,,,,,,,,,,,,,16290,-0.7,,,,,,,,
,,,,,,,,,,,,,,,,,,,,,,,,,,,,,,,,,,,,,,,16300,-0.6,,,,,,,,
,,,,,,,,,,,,,,,,,,,,,,,,,,,,,,,,,,,,,,,16310,-0.5,,,,,,,,
,,,,,,,,,,,,,,,,,,,,,,,,,,,,,,,,,,,,,,,16320,-0.4,,,,,,,,
,,,,,,,,,,,,,,,,,,,,,,,,,,,,,,,,,,,,,,,16330,-0.2,,,,,,,,
,,,,,,,,,,,,,,,,,,,,,,,,,,,,,,,,,,,,,,,16340,-0.1,,,,,,,,
,,,,,,,,,,,,,,,,,,,,,,,,,,,,,,,,,,,,,,,16350,0.0,,,,,,,,
,,,,,,,,,,,,,,,,,,,,,,,,,,,,,,,,,,,,,,,16360,0.2,,,,,,,,
,,,,,,,,,,,,,,,,,,,,,,,,,,,,,,,,,,,,,,,16370,0.3,,,,,,,,
,,,,,,,,,,,,,,,,,,,,,,,,,,,,,,,,,,,,,,,16380,0.5,,,,,,,,
,,,,,,,,,,,,,,,,,,,,,,,,,,,,,,,,,,,,,,,16390,0.7,,,,,,,,
,,,,,,,,,,,,,,,,,,,,,,,,,,,,,,,,,,,,,,,16400,0.9,,,,,,,,
,,,,,,,,,,,,,,,,,,,,,,,,,,,,,,,,,,,,,,,16410,1.1,,,,,,,,
,,,,,,,,,,,,,,,,,,,,,,,,,,,,,,,,,,,,,,,16420,1.3,,,,,,,,
,,,,,,,,,,,,,,,,,,,,,,,,,,,,,,,,,,,,,,,16430,1.4,,,,,,,,
,,,,,,,,,,,,,,,,,,,,,,,,,,,,,,,,,,,,,,,16440,1.6,,,,,,,,
,,,,,,,,,,,,,,,,,,,,,,,,,,,,,,,,,,,,,,,16450,1.8,,,,,,,,
,,,,,,,,,,,,,,,,,,,,,,,,,,,,,,,,,,,,,,,16460,1.9,,,,,,,,
,,,,,,,,,,,,,,,,,,,,,,,,,,,,,,,,,,,,,,,16470,2.0,,,,,,,,
,,,,,,,,,,,,,,,,,,,,,,,,,,,,,,,,,,,,,,,16480,2.1,,,,,,,,
,,,,,,,,,,,,,,,,,,,,,,,,,,,,,,,,,,,,,,,16490,2.1,,,,,,,,
,,,,,,,,,,,,,,,,,,,,,,,,,,,,,,,,,,,,,,,16500,2.2,,,,,,,,
,,,,,,,,,,,,,,,,,,,,,,,,,,,,,,,,,,,,,,,16510,2.2,,,,,,,,
,,,,,,,,,,,,,,,,,,,,,,,,,,,,,,,,,,,,,,,16520,2.2,,,,,,,,
,,,,,,,,,,,,,,,,,,,,,,,,,,,,,,,,,,,,,,,16530,2.2,,,,,,,,
,,,,,,,,,,,,,,,,,,,,,,,,,,,,,,,,,,,,,,,16540,2.1,,,,,,,,
,,,,,,,,,,,,,,,,,,,,,,,,,,,,,,,,,,,,,,,16550,2.1,,,,,,,,
,,,,,,,,,,,,,,,,,,,,,,,,,,,,,,,,,,,,,,,16560,2.1,,,,,,,,
,,,,,,,,,,,,,,,,,,,,,,,,,,,,,,,,,,,,,,,16570,2.1,,,,,,,,
,,,,,,,,,,,,,,,,,,,,,,,,,,,,,,,,,,,,,,,16580,2.1,,,,,,,,
,,,,,,,,,,,,,,,,,,,,,,,,,,,,,,,,,,,,,,,16590,2.2,,,,,,,,
,,,,,,,,,,,,,,,,,,,,,,,,,,,,,,,,,,,,,,,16600,2.2,,,,,,,,
,,,,,,,,,,,,,,,,,,,,,,,,,,,,,,,,,,,,,,,16610,2.3,,,,,,,,
,,,,,,,,,,,,,,,,,,,,,,,,,,,,,,,,,,,,,,,16620,2.5,,,,,,,,
,,,,,,,,,,,,,,,,,,,,,,,,,,,,,,,,,,,,,,,16630,2.6,,,,,,,,
,,,,,,,,,,,,,,,,,,,,,,,,,,,,,,,,,,,,,,,16640,2.8,,,,,,,,
,,,,,,,,,,,,,,,,,,,,,,,,,,,,,,,,,,,,,,,16650,3.0,,,,,,,,
,,,,,,,,,,,,,,,,,,,,,,,,,,,,,,,,,,,,,,,16660,3.2,,,,,,,,
,,,,,,,,,,,,,,,,,,,,,,,,,,,,,,,,,,,,,,,16670,3.5,,,,,,,,
,,,,,,,,,,,,,,,,,,,,,,,,,,,,,,,,,,,,,,,16680,3.7,,,,,,,,
,,,,,,,,,,,,,,,,,,,,,,,,,,,,,,,,,,,,,,,16690,3.9,,,,,,,,
,,,,,,,,,,,,,,,,,,,,,,,,,,,,,,,,,,,,,,,16700,4.1,,,,,,,,
,,,,,,,,,,,,,,,,,,,,,,,,,,,,,,,,,,,,,,,16710,4.2,,,,,,,,
,,,,,,,,,,,,,,,,,,,,,,,,,,,,,,,,,,,,,,,16720,4.4,,,,,,,,
,,,,,,,,,,,,,,,,,,,,,,,,,,,,,,,,,,,,,,,16730,4.5,,,,,,,,
,,,,,,,,,,,,,,,,,,,,,,,,,,,,,,,,,,,,,,,16740,4.7,,,,,,,,
,,,,,,,,,,,,,,,,,,,,,,,,,,,,,,,,,,,,,,,16750,4.8,,,,,,,,
,,,,,,,,,,,,,,,,,,,,,,,,,,,,,,,,,,,,,,,16760,4.8,,,,,,,,
,,,,,,,,,,,,,,,,,,,,,,,,,,,,,,,,,,,,,,,16770,4.9,,,,,,,,
,,,,,,,,,,,,,,,,,,,,,,,,,,,,,,,,,,,,,,,16780,4.9,,,,,,,,
,,,,,,,,,,,,,,,,,,,,,,,,,,,,,,,,,,,,,,,16790,5.0,,,,,,,,
,,,,,,,,,,,,,,,,,,,,,,,,,,,,,,,,,,,,,,,16800,5.0,,,,,,,,
,,,,,,,,,,,,,,,,,,,,,,,,,,,,,,,,,,,,,,,16810,5.1,,,,,,,,
,,,,,,,,,,,,,,,,,,,,,,,,,,,,,,,,,,,,,,,16820,5.1,,,,,,,,
,,,,,,,,,,,,,,,,,,,,,,,,,,,,,,,,,,,,,,,16830,5.2,,,,,,,,
,,,,,,,,,,,,,,,,,,,,,,,,,,,,,,,,,,,,,,,16840,5.3,,,,,,,,
,,,,,,,,,,,,,,,,,,,,,,,,,,,,,,,,,,,,,,,16850,5.3,,,,,,,,
,,,,,,,,,,,,,,,,,,,,,,,,,,,,,,,,,,,,,,,16860,5.4,,,,,,,,
,,,,,,,,,,,,,,,,,,,,,,,,,,,,,,,,,,,,,,,16870,5.5,,,,,,,,
,,,,,,,,,,,,,,,,,,,,,,,,,,,,,,,,,,,,,,,16880,5.5,,,,,,,,
,,,,,,,,,,,,,,,,,,,,,,,,,,,,,,,,,,,,,,,16890,5.6,,,,,,,,
,,,,,,,,,,,,,,,,,,,,,,,,,,,,,,,,,,,,,,,16900,5.7,,,,,,,,
,,,,,,,,,,,,,,,,,,,,,,,,,,,,,,,,,,,,,,,16910,5.7,,,,,,,,
,,,,,,,,,,,,,,,,,,,,,,,,,,,,,,,,,,,,,,,16920,5.7,,,,,,,,
,,,,,,,,,,,,,,,,,,,,,,,,,,,,,,,,,,,,,,,16930,5.7,,,,,,,,
,,,,,,,,,,,,,,,,,,,,,,,,,,,,,,,,,,,,,,,16940,5.7,,,,,,,,
,,,,,,,,,,,,,,,,,,,,,,,,,,,,,,,,,,,,,,,16950,5.6,,,,,,,,
,,,,,,,,,,,,,,,,,,,,,,,,,,,,,,,,,,,,,,,16960,5.6,,,,,,,,
,,,,,,,,,,,,,,,,,,,,,,,,,,,,,,,,,,,,,,,16970,5.5,,,,,,,,
,,,,,,,,,,,,,,,,,,,,,,,,,,,,,,,,,,,,,,,16980,5.3,,,,,,,,
,,,,,,,,,,,,,,,,,,,,,,,,,,,,,,,,,,,,,,,16990,5.2,,,,,,,,
,,,,,,,,,,,,,,,,,,,,,,,,,,,,,,,,,,,,,,,17000,5.1,,,,,,,,
,,,,,,,,,,,,,,,,,,,,,,,,,,,,,,,,,,,,,,,17010,4.9,,,,,,,,
,,,,,,,,,,,,,,,,,,,,,,,,,,,,,,,,,,,,,,,17020,4.8,,,,,,,,
,,,,,,,,,,,,,,,,,,,,,,,,,,,,,,,,,,,,,,,17030,4.6,,,,,,,,
,,,,,,,,,,,,,,,,,,,,,,,,,,,,,,,,,,,,,,,17040,4.4,,,,,,,,
,,,,,,,,,,,,,,,,,,,,,,,,,,,,,,,,,,,,,,,17050,4.3,,,,,,,,
,,,,,,,,,,,,,,,,,,,,,,,,,,,,,,,,,,,,,,,17060,4.1,,,,,,,,
,,,,,,,,,,,,,,,,,,,,,,,,,,,,,,,,,,,,,,,17070,4.0,,,,,,,,
,,,,,,,,,,,,,,,,,,,,,,,,,,,,,,,,,,,,,,,17080,3.8,,,,,,,,
,,,,,,,,,,,,,,,,,,,,,,,,,,,,,,,,,,,,,,,17090,3.7,,,,,,,,
,,,,,,,,,,,,,,,,,,,,,,,,,,,,,,,,,,,,,,,17100,3.5,,,,,,,,
,,,,,,,,,,,,,,,,,,,,,,,,,,,,,,,,,,,,,,,17110,3.4,,,,,,,,
,,,,,,,,,,,,,,,,,,,,,,,,,,,,,,,,,,,,,,,17120,3.3,,,,,,,,
,,,,,,,,,,,,,,,,,,,,,,,,,,,,,,,,,,,,,,,17130,3.2,,,,,,,,
,,,,,,,,,,,,,,,,,,,,,,,,,,,,,,,,,,,,,,,17140,3.0,,,,,,,,
,,,,,,,,,,,,,,,,,,,,,,,,,,,,,,,,,,,,,,,17150,2.9,,,,,,,,
,,,,,,,,,,,,,,,,,,,,,,,,,,,,,,,,,,,,,,,17160,2.8,,,,,,,,
,,,,,,,,,,,,,,,,,,,,,,,,,,,,,,,,,,,,,,,17170,2.7,,,,,,,,
,,,,,,,,,,,,,,,,,,,,,,,,,,,,,,,,,,,,,,,17180,2.5,,,,,,,,
,,,,,,,,,,,,,,,,,,,,,,,,,,,,,,,,,,,,,,,17190,2.4,,,,,,,,
,,,,,,,,,,,,,,,,,,,,,,,,,,,,,,,,,,,,,,,17200,2.3,,,,,,,,
,,,,,,,,,,,,,,,,,,,,,,,,,,,,,,,,,,,,,,,17210,2.1,,,,,,,,
,,,,,,,,,,,,,,,,,,,,,,,,,,,,,,,,,,,,,,,17220,2.0,,,,,,,,
,,,,,,,,,,,,,,,,,,,,,,,,,,,,,,,,,,,,,,,17230,1.9,,,,,,,,
,,,,,,,,,,,,,,,,,,,,,,,,,,,,,,,,,,,,,,,17240,1.7,,,,,,,,
,,,,,,,,,,,,,,,,,,,,,,,,,,,,,,,,,,,,,,,17250,1.6,,,,,,,,
,,,,,,,,,,,,,,,,,,,,,,,,,,,,,,,,,,,,,,,17260,1.5,,,,,,,,
,,,,,,,,,,,,,,,,,,,,,,,,,,,,,,,,,,,,,,,17270,1.4,,,,,,,,
,,,,,,,,,,,,,,,,,,,,,,,,,,,,,,,,,,,,,,,17280,1.3,,,,,,,,
,,,,,,,,,,,,,,,,,,,,,,,,,,,,,,,,,,,,,,,17290,1.1,,,,,,,,
,,,,,,,,,,,,,,,,,,,,,,,,,,,,,,,,,,,,,,,17300,1.1,,,,,,,,
,,,,,,,,,,,,,,,,,,,,,,,,,,,,,,,,,,,,,,,17310,1.0,,,,,,,,
,,,,,,,,,,,,,,,,,,,,,,,,,,,,,,,,,,,,,,,17320,0.9,,,,,,,,
,,,,,,,,,,,,,,,,,,,,,,,,,,,,,,,,,,,,,,,17330,0.8,,,,,,,,
,,,,,,,,,,,,,,,,,,,,,,,,,,,,,,,,,,,,,,,17340,0.7,,,,,,,,
,,,,,,,,,,,,,,,,,,,,,,,,,,,,,,,,,,,,,,,17350,0.7,,,,,,,,
,,,,,,,,,,,,,,,,,,,,,,,,,,,,,,,,,,,,,,,17360,0.6,,,,,,,,
,,,,,,,,,,,,,,,,,,,,,,,,,,,,,,,,,,,,,,,17370,0.5,,,,,,,,
,,,,,,,,,,,,,,,,,,,,,,,,,,,,,,,,,,,,,,,17380,0.5,,,,,,,,
,,,,,,,,,,,,,,,,,,,,,,,,,,,,,,,,,,,,,,,17390,0.4,,,,,,,,
,,,,,,,,,,,,,,,,,,,,,,,,,,,,,,,,,,,,,,,17400,0.3,,,,,,,,
,,,,,,,,,,,,,,,,,,,,,,,,,,,,,,,,,,,,,,,17410,0.3,,,,,,,,
,,,,,,,,,,,,,,,,,,,,,,,,,,,,,,,,,,,,,,,17420,0.2,,,,,,,,
,,,,,,,,,,,,,,,,,,,,,,,,,,,,,,,,,,,,,,,17430,0.1,,,,,,,,
,,,,,,,,,,,,,,,,,,,,,,,,,,,,,,,,,,,,,,,17440,0.0,,,,,,,,
,,,,,,,,,,,,,,,,,,,,,,,,,,,,,,,,,,,,,,,17450,-0.1,,,,,,,,
,,,,,,,,,,,,,,,,,,,,,,,,,,,,,,,,,,,,,,,17460,-0.2,,,,,,,,
,,,,,,,,,,,,,,,,,,,,,,,,,,,,,,,,,,,,,,,17470,-0.4,,,,,,,,
,,,,,,,,,,,,,,,,,,,,,,,,,,,,,,,,,,,,,,,17480,-0.5,,,,,,,,
,,,,,,,,,,,,,,,,,,,,,,,,,,,,,,,,,,,,,,,17490,-0.6,,,,,,,,
,,,,,,,,,,,,,,,,,,,,,,,,,,,,,,,,,,,,,,,17500,-0.8,,,,,,,,
,,,,,,,,,,,,,,,,,,,,,,,,,,,,,,,,,,,,,,,17510,-1.0,,,,,,,,
,,,,,,,,,,,,,,,,,,,,,,,,,,,,,,,,,,,,,,,17520,-1.1,,,,,,,,
,,,,,,,,,,,,,,,,,,,,,,,,,,,,,,,,,,,,,,,17530,-1.3,,,,,,,,
,,,,,,,,,,,,,,,,,,,,,,,,,,,,,,,,,,,,,,,17540,-1.5,,,,,,,,
,,,,,,,,,,,,,,,,,,,,,,,,,,,,,,,,,,,,,,,17550,-1.6,,,,,,,,
,,,,,,,,,,,,,,,,,,,,,,,,,,,,,,,,,,,,,,,17560,-1.8,,,,,,,,
,,,,,,,,,,,,,,,,,,,,,,,,,,,,,,,,,,,,,,,17570,-2.0,,,,,,,,
,,,,,,,,,,,,,,,,,,,,,,,,,,,,,,,,,,,,,,,17580,-2.1,,,,,,,,
,,,,,,,,,,,,,,,,,,,,,,,,,,,,,,,,,,,,,,,17590,-2.3,,,,,,,,
,,,,,,,,,,,,,,,,,,,,,,,,,,,,,,,,,,,,,,,17600,-2.5,,,,,,,,
,,,,,,,,,,,,,,,,,,,,,,,,,,,,,,,,,,,,,,,17610,-2.6,,,,,,,,
,,,,,,,,,,,,,,,,,,,,,,,,,,,,,,,,,,,,,,,17620,-2.8,,,,,,,,
,,,,,,,,,,,,,,,,,,,,,,,,,,,,,,,,,,,,,,,17630,-2.9,,,,,,,,
,,,,,,,,,,,,,,,,,,,,,,,,,,,,,,,,,,,,,,,17640,-3.0,,,,,,,,
,,,,,,,,,,,,,,,,,,,,,,,,,,,,,,,,,,,,,,,17650,-3.2,,,,,,,,
,,,,,,,,,,,,,,,,,,,,,,,,,,,,,,,,,,,,,,,17660,-3.3,,,,,,,,
,,,,,,,,,,,,,,,,,,,,,,,,,,,,,,,,,,,,,,,17670,-3.5,,,,,,,,
,,,,,,,,,,,,,,,,,,,,,,,,,,,,,,,,,,,,,,,17680,-3.6,,,,,,,,
,,,,,,,,,,,,,,,,,,,,,,,,,,,,,,,,,,,,,,,17690,-3.8,,,,,,,,
,,,,,,,,,,,,,,,,,,,,,,,,,,,,,,,,,,,,,,,17700,-3.9,,,,,,,,
,,,,,,,,,,,,,,,,,,,,,,,,,,,,,,,,,,,,,,,17710,-4.1,,,,,,,,
,,,,,,,,,,,,,,,,,,,,,,,,,,,,,,,,,,,,,,,17720,-4.3,,,,,,,,
,,,,,,,,,,,,,,,,,,,,,,,,,,,,,,,,,,,,,,,17730,-4.5,,,,,,,,
,,,,,,,,,,,,,,,,,,,,,,,,,,,,,,,,,,,,,,,17740,-4.7,,,,,,,,
,,,,,,,,,,,,,,,,,,,,,,,,,,,,,,,,,,,,,,,17750,-4.9,,,,,,,,
,,,,,,,,,,,,,,,,,,,,,,,,,,,,,,,,,,,,,,,17760,-5.1,,,,,,,,
,,,,,,,,,,,,,,,,,,,,,,,,,,,,,,,,,,,,,,,17770,-5.3,,,,,,,,
,,,,,,,,,,,,,,,,,,,,,,,,,,,,,,,,,,,,,,,17780,-5.5,,,,,,,,
,,,,,,,,,,,,,,,,,,,,,,,,,,,,,,,,,,,,,,,17790,-5.7,,,,,,,,
,,,,,,,,,,,,,,,,,,,,,,,,,,,,,,,,,,,,,,,17800,-5.9,,,,,,,,
,,,,,,,,,,,,,,,,,,,,,,,,,,,,,,,,,,,,,,,17810,-6.1,,,,,,,,
,,,,,,,,,,,,,,,,,,,,,,,,,,,,,,,,,,,,,,,17820,-6.3,,,,,,,,
,,,,,,,,,,,,,,,,,,,,,,,,,,,,,,,,,,,,,,,17830,-6.5,,,,,,,,
,,,,,,,,,,,,,,,,,,,,,,,,,,,,,,,,,,,,,,,17840,-6.6,,,,,,,,
,,,,,,,,,,,,,,,,,,,,,,,,,,,,,,,,,,,,,,,17850,-6.7,,,,,,,,
,,,,,,,,,,,,,,,,,,,,,,,,,,,,,,,,,,,,,,,17860,-6.8,,,,,,,,
,,,,,,,,,,,,,,,,,,,,,,,,,,,,,,,,,,,,,,,17870,-6.8,,,,,,,,
,,,,,,,,,,,,,,,,,,,,,,,,,,,,,,,,,,,,,,,17880,-6.9,,,,,,,,
,,,,,,,,,,,,,,,,,,,,,,,,,,,,,,,,,,,,,,,17890,-6.8,,,,,,,,
,,,,,,,,,,,,,,,,,,,,,,,,,,,,,,,,,,,,,,,17900,-6.8,,,,,,,,
,,,,,,,,,,,,,,,,,,,,,,,,,,,,,,,,,,,,,,,17910,-6.7,,,,,,,,
,,,,,,,,,,,,,,,,,,,,,,,,,,,,,,,,,,,,,,,17920,-6.6,,,,,,,,
,,,,,,,,,,,,,,,,,,,,,,,,,,,,,,,,,,,,,,,17930,-6.5,,,,,,,,
,,,,,,,,,,,,,,,,,,,,,,,,,,,,,,,,,,,,,,,17940,-6.3,,,,,,,,
,,,,,,,,,,,,,,,,,,,,,,,,,,,,,,,,,,,,,,,17950,-6.1,,,,,,,,
,,,,,,,,,,,,,,,,,,,,,,,,,,,,,,,,,,,,,,,17960,-5.9,,,,,,,,
,,,,,,,,,,,,,,,,,,,,,,,,,,,,,,,,,,,,,,,17970,-5.7,,,,,,,,
,,,,,,,,,,,,,,,,,,,,,,,,,,,,,,,,,,,,,,,17980,-5.4,,,,,,,,
,,,,,,,,,,,,,,,,,,,,,,,,,,,,,,,,,,,,,,,17990,-5.1,,,,,,,,
,,,,,,,,,,,,,,,,,,,,,,,,,,,,,,,,,,,,,,,18000,-4.9,,,,,,,,
,,,,,,,,,,,,,,,,,,,,,,,,,,,,,,,,,,,,,,,18010,-4.6,,,,,,,,
,,,,,,,,,,,,,,,,,,,,,,,,,,,,,,,,,,,,,,,18020,-4.3,,,,,,,,
,,,,,,,,,,,,,,,,,,,,,,,,,,,,,,,,,,,,,,,18030,-4.0,,,,,,,,
,,,,,,,,,,,,,,,,,,,,,,,,,,,,,,,,,,,,,,,18040,-3.7,,,,,,,,
,,,,,,,,,,,,,,,,,,,,,,,,,,,,,,,,,,,,,,,18050,-3.4,,,,,,,,
,,,,,,,,,,,,,,,,,,,,,,,,,,,,,,,,,,,,,,,18060,-3.1,,,,,,,,
,,,,,,,,,,,,,,,,,,,,,,,,,,,,,,,,,,,,,,,18070,-2.9,,,,,,,,
,,,,,,,,,,,,,,,,,,,,,,,,,,,,,,,,,,,,,,,18080,-2.6,,,,,,,,
,,,,,,,,,,,,,,,,,,,,,,,,,,,,,,,,,,,,,,,18090,-2.4,,,,,,,,
,,,,,,,,,,,,,,,,,,,,,,,,,,,,,,,,,,,,,,,18100,-2.2,,,,,,,,
,,,,,,,,,,,,,,,,,,,,,,,,,,,,,,,,,,,,,,,18110,-2.0,,,,,,,,
,,,,,,,,,,,,,,,,,,,,,,,,,,,,,,,,,,,,,,,18120,-1.9,,,,,,,,
,,,,,,,,,,,,,,,,,,,,,,,,,,,,,,,,,,,,,,,18130,-1.8,,,,,,,,
,,,,,,,,,,,,,,,,,,,,,,,,,,,,,,,,,,,,,,,18140,-1.6,,,,,,,,
,,,,,,,,,,,,,,,,,,,,,,,,,,,,,,,,,,,,,,,18150,-1.5,,,,,,,,
,,,,,,,,,,,,,,,,,,,,,,,,,,,,,,,,,,,,,,,18160,-1.4,,,,,,,,
,,,,,,,,,,,,,,,,,,,,,,,,,,,,,,,,,,,,,,,18170,-1.4,,,,,,,,
,,,,,,,,,,,,,,,,,,,,,,,,,,,,,,,,,,,,,,,18180,-1.3,,,,,,,,
,,,,,,,,,,,,,,,,,,,,,,,,,,,,,,,,,,,,,,,18190,-1.3,,,,,,,,
,,,,,,,,,,,,,,,,,,,,,,,,,,,,,,,,,,,,,,,18200,-1.2,,,,,,,,
,,,,,,,,,,,,,,,,,,,,,,,,,,,,,,,,,,,,,,,18210,-1.2,,,,,,,,
,,,,,,,,,,,,,,,,,,,,,,,,,,,,,,,,,,,,,,,18220,-1.2,,,,,,,,
,,,,,,,,,,,,,,,,,,,,,,,,,,,,,,,,,,,,,,,18230,-1.1,,,,,,,,
,,,,,,,,,,,,,,,,,,,,,,,,,,,,,,,,,,,,,,,18240,-1.1,,,,,,,,
,,,,,,,,,,,,,,,,,,,,,,,,,,,,,,,,,,,,,,,18250,-1.0,,,,,,,,
,,,,,,,,,,,,,,,,,,,,,,,,,,,,,,,,,,,,,,,18260,-1.0,,,,,,,,
,,,,,,,,,,,,,,,,,,,,,,,,,,,,,,,,,,,,,,,18270,-0.9,,,,,,,,
,,,,,,,,,,,,,,,,,,,,,,,,,,,,,,,,,,,,,,,18280,-0.8,,,,,,,,
,,,,,,,,,,,,,,,,,,,,,,,,,,,,,,,,,,,,,,,18290,-0.7,,,,,,,,
,,,,,,,,,,,,,,,,,,,,,,,,,,,,,,,,,,,,,,,18300,-0.6,,,,,,,,
,,,,,,,,,,,,,,,,,,,,,,,,,,,,,,,,,,,,,,,18310,-0.4,,,,,,,,
,,,,,,,,,,,,,,,,,,,,,,,,,,,,,,,,,,,,,,,18320,-0.2,,,,,,,,
,,,,,,,,,,,,,,,,,,,,,,,,,,,,,,,,,,,,,,,18330,0.0,,,,,,,,
,,,,,,,,,,,,,,,,,,,,,,,,,,,,,,,,,,,,,,,18340,0.2,,,,,,,,
,,,,,,,,,,,,,,,,,,,,,,,,,,,,,,,,,,,,,,,18350,0.5,,,,,,,,
,,,,,,,,,,,,,,,,,,,,,,,,,,,,,,,,,,,,,,,18360,0.7,,,,,,,,
,,,,,,,,,,,,,,,,,,,,,,,,,,,,,,,,,,,,,,,18370,1.0,,,,,,,,
,,,,,,,,,,,,,,,,,,,,,,,,,,,,,,,,,,,,,,,18380,1.4,,,,,,,,
,,,,,,,,,,,,,,,,,,,,,,,,,,,,,,,,,,,,,,,18390,1.7,,,,,,,,
,,,,,,,,,,,,,,,,,,,,,,,,,,,,,,,,,,,,,,,18400,2.1,,,,,,,,
,,,,,,,,,,,,,,,,,,,,,,,,,,,,,,,,,,,,,,,18410,2.5,,,,,,,,
,,,,,,,,,,,,,,,,,,,,,,,,,,,,,,,,,,,,,,,18420,2.9,,,,,,,,
,,,,,,,,,,,,,,,,,,,,,,,,,,,,,,,,,,,,,,,18430,3.3,,,,,,,,
,,,,,,,,,,,,,,,,,,,,,,,,,,,,,,,,,,,,,,,18440,3.7,,,,,,,,
,,,,,,,,,,,,,,,,,,,,,,,,,,,,,,,,,,,,,,,18450,4.1,,,,,,,,
,,,,,,,,,,,,,,,,,,,,,,,,,,,,,,,,,,,,,,,18460,4.5,,,,,,,,
,,,,,,,,,,,,,,,,,,,,,,,,,,,,,,,,,,,,,,,18470,4.9,,,,,,,,
,,,,,,,,,,,,,,,,,,,,,,,,,,,,,,,,,,,,,,,18480,5.3,,,,,,,,
,,,,,,,,,,,,,,,,,,,,,,,,,,,,,,,,,,,,,,,18490,5.7,,,,,,,,
,,,,,,,,,,,,,,,,,,,,,,,,,,,,,,,,,,,,,,,18500,6.0,,,,,,,,
,,,,,,,,,,,,,,,,,,,,,,,,,,,,,,,,,,,,,,,18510,6.3,,,,,,,,
,,,,,,,,,,,,,,,,,,,,,,,,,,,,,,,,,,,,,,,18520,6.6,,,,,,,,
,,,,,,,,,,,,,,,,,,,,,,,,,,,,,,,,,,,,,,,18530,6.9,,,,,,,,
,,,,,,,,,,,,,,,,,,,,,,,,,,,,,,,,,,,,,,,18540,7.0,,,,,,,,
,,,,,,,,,,,,,,,,,,,,,,,,,,,,,,,,,,,,,,,18550,7.2,,,,,,,,
,,,,,,,,,,,,,,,,,,,,,,,,,,,,,,,,,,,,,,,18560,7.2,,,,,,,,
,,,,,,,,,,,,,,,,,,,,,,,,,,,,,,,,,,,,,,,18570,7.3,,,,,,,,
,,,,,,,,,,,,,,,,,,,,,,,,,,,,,,,,,,,,,,,18580,7.2,,,,,,,,
,,,,,,,,,,,,,,,,,,,,,,,,,,,,,,,,,,,,,,,18590,7.1,,,,,,,,
,,,,,,,,,,,,,,,,,,,,,,,,,,,,,,,,,,,,,,,18600,6.9,,,,,,,,
,,,,,,,,,,,,,,,,,,,,,,,,,,,,,,,,,,,,,,,18610,6.7,,,,,,,,
,,,,,,,,,,,,,,,,,,,,,,,,,,,,,,,,,,,,,,,18620,6.4,,,,,,,,
,,,,,,,,,,,,,,,,,,,,,,,,,,,,,,,,,,,,,,,18630,6.1,,,,,,,,
,,,,,,,,,,,,,,,,,,,,,,,,,,,,,,,,,,,,,,,18640,5.7,,,,,,,,
,,,,,,,,,,,,,,,,,,,,,,,,,,,,,,,,,,,,,,,18650,5.3,,,,,,,,
,,,,,,,,,,,,,,,,,,,,,,,,,,,,,,,,,,,,,,,18660,4.8,,,,,,,,
,,,,,,,,,,,,,,,,,,,,,,,,,,,,,,,,,,,,,,,18670,4.3,,,,,,,,
,,,,,,,,,,,,,,,,,,,,,,,,,,,,,,,,,,,,,,,18680,3.8,,,,,,,,
,,,,,,,,,,,,,,,,,,,,,,,,,,,,,,,,,,,,,,,18690,3.2,,,,,,,,
,,,,,,,,,,,,,,,,,,,,,,,,,,,,,,,,,,,,,,,18700,2.6,,,,,,,,
,,,,,,,,,,,,,,,,,,,,,,,,,,,,,,,,,,,,,,,18710,2.0,,,,,,,,
,,,,,,,,,,,,,,,,,,,,,,,,,,,,,,,,,,,,,,,18720,1.4,,,,,,,,
,,,,,,,,,,,,,,,,,,,,,,,,,,,,,,,,,,,,,,,18730,0.8,,,,,,,,
,,,,,,,,,,,,,,,,,,,,,,,,,,,,,,,,,,,,,,,18740,0.2,,,,,,,,
,,,,,,,,,,,,,,,,,,,,,,,,,,,,,,,,,,,,,,,18750,-0.4,,,,,,,,
,,,,,,,,,,,,,,,,,,,,,,,,,,,,,,,,,,,,,,,18760,-1.0,,,,,,,,
,,,,,,,,,,,,,,,,,,,,,,,,,,,,,,,,,,,,,,,18770,-1.6,,,,,,,,
,,,,,,,,,,,,,,,,,,,,,,,,,,,,,,,,,,,,,,,18780,-2.1,,,,,,,,
,,,,,,,,,,,,,,,,,,,,,,,,,,,,,,,,,,,,,,,18790,-2.7,,,,,,,,
,,,,,,,,,,,,,,,,,,,,,,,,,,,,,,,,,,,,,,,18800,-3.2,,,,,,,,
,,,,,,,,,,,,,,,,,,,,,,,,,,,,,,,,,,,,,,,18810,-3.7,,,,,,,,
,,,,,,,,,,,,,,,,,,,,,,,,,,,,,,,,,,,,,,,18820,-4.2,,,,,,,,
,,,,,,,,,,,,,,,,,,,,,,,,,,,,,,,,,,,,,,,18830,-4.7,,,,,,,,
,,,,,,,,,,,,,,,,,,,,,,,,,,,,,,,,,,,,,,,18840,-5.2,,,,,,,,
,,,,,,,,,,,,,,,,,,,,,,,,,,,,,,,,,,,,,,,18850,-5.6,,,,,,,,
,,,,,,,,,,,,,,,,,,,,,,,,,,,,,,,,,,,,,,,18860,-6.0,,,,,,,,
,,,,,,,,,,,,,,,,,,,,,,,,,,,,,,,,,,,,,,,18870,-6.5,,,,,,,,
,,,,,,,,,,,,,,,,,,,,,,,,,,,,,,,,,,,,,,,18880,-6.9,,,,,,,,
,,,,,,,,,,,,,,,,,,,,,,,,,,,,,,,,,,,,,,,18890,-7.3,,,,,,,,
,,,,,,,,,,,,,,,,,,,,,,,,,,,,,,,,,,,,,,,18900,-7.7,,,,,,,,
,,,,,,,,,,,,,,,,,,,,,,,,,,,,,,,,,,,,,,,18910,-8.0,,,,,,,,
,,,,,,,,,,,,,,,,,,,,,,,,,,,,,,,,,,,,,,,18920,-8.4,,,,,,,,
,,,,,,,,,,,,,,,,,,,,,,,,,,,,,,,,,,,,,,,18930,-8.7,,,,,,,,
,,,,,,,,,,,,,,,,,,,,,,,,,,,,,,,,,,,,,,,18940,-9.1,,,,,,,,
,,,,,,,,,,,,,,,,,,,,,,,,,,,,,,,,,,,,,,,18950,-9.4,,,,,,,,
,,,,,,,,,,,,,,,,,,,,,,,,,,,,,,,,,,,,,,,18960,-9.7,,,,,,,,
,,,,,,,,,,,,,,,,,,,,,,,,,,,,,,,,,,,,,,,18970,-10.0,,,,,,,,
,,,,,,,,,,,,,,,,,,,,,,,,,,,,,,,,,,,,,,,18980,-10.3,,,,,,,,
,,,,,,,,,,,,,,,,,,,,,,,,,,,,,,,,,,,,,,,18990,-10.6,,,,,,,,
,,,,,,,,,,,,,,,,,,,,,,,,,,,,,,,,,,,,,,,19000,-10.8,,,,,,,,
,,,,,,,,,,,,,,,,,,,,,,,,,,,,,,,,,,,,,,,19010,-11.1,,,,,,,,
,,,,,,,,,,,,,,,,,,,,,,,,,,,,,,,,,,,,,,,19020,-11.4,,,,,,,,
,,,,,,,,,,,,,,,,,,,,,,,,,,,,,,,,,,,,,,,19030,-11.7,,,,,,,,
,,,,,,,,,,,,,,,,,,,,,,,,,,,,,,,,,,,,,,,19040,-12.0,,,,,,,,
,,,,,,,,,,,,,,,,,,,,,,,,,,,,,,,,,,,,,,,19050,-12.3,,,,,,,,
,,,,,,,,,,,,,,,,,,,,,,,,,,,,,,,,,,,,,,,19060,-12.5,,,,,,,,
,,,,,,,,,,,,,,,,,,,,,,,,,,,,,,,,,,,,,,,19070,-12.8,,,,,,,,
,,,,,,,,,,,,,,,,,,,,,,,,,,,,,,,,,,,,,,,19080,-13.1,,,,,,,,
,,,,,,,,,,,,,,,,,,,,,,,,,,,,,,,,,,,,,,,19090,-13.3,,,,,,,,
,,,,,,,,,,,,,,,,,,,,,,,,,,,,,,,,,,,,,,,19100,-13.5,,,,,,,,
,,,,,,,,,,,,,,,,,,,,,,,,,,,,,,,,,,,,,,,19110,-13.7,,,,,,,,
,,,,,,,,,,,,,,,,,,,,,,,,,,,,,,,,,,,,,,,19120,-13.9,,,,,,,,
,,,,,,,,,,,,,,,,,,,,,,,,,,,,,,,,,,,,,,,19130,-14.0,,,,,,,,
,,,,,,,,,,,,,,,,,,,,,,,,,,,,,,,,,,,,,,,19140,-14.1,,,,,,,,
,,,,,,,,,,,,,,,,,,,,,,,,,,,,,,,,,,,,,,,19150,-14.1,,,,,,,,
,,,,,,,,,,,,,,,,,,,,,,,,,,,,,,,,,,,,,,,19160,-14.0,,,,,,,,
,,,,,,,,,,,,,,,,,,,,,,,,,,,,,,,,,,,,,,,19170,-13.9,,,,,,,,
,,,,,,,,,,,,,,,,,,,,,,,,,,,,,,,,,,,,,,,19180,-13.8,,,,,,,,
,,,,,,,,,,,,,,,,,,,,,,,,,,,,,,,,,,,,,,,19190,-13.6,,,,,,,,
,,,,,,,,,,,,,,,,,,,,,,,,,,,,,,,,,,,,,,,19200,-13.3,,,,,,,,
,,,,,,,,,,,,,,,,,,,,,,,,,,,,,,,,,,,,,,,19210,-13.0,,,,,,,,
,,,,,,,,,,,,,,,,,,,,,,,,,,,,,,,,,,,,,,,19220,-12.7,,,,,,,,
,,,,,,,,,,,,,,,,,,,,,,,,,,,,,,,,,,,,,,,19230,-12.3,,,,,,,,
,,,,,,,,,,,,,,,,,,,,,,,,,,,,,,,,,,,,,,,19240,-11.9,,,,,,,,
,,,,,,,,,,,,,,,,,,,,,,,,,,,,,,,,,,,,,,,19250,-11.5,,,,,,,,
,,,,,,,,,,,,,,,,,,,,,,,,,,,,,,,,,,,,,,,19260,-11.1,,,,,,,,
,,,,,,,,,,,,,,,,,,,,,,,,,,,,,,,,,,,,,,,19270,-10.6,,,,,,,,
,,,,,,,,,,,,,,,,,,,,,,,,,,,,,,,,,,,,,,,19280,-10.2,,,,,,,,
,,,,,,,,,,,,,,,,,,,,,,,,,,,,,,,,,,,,,,,19290,-9.8,,,,,,,,
,,,,,,,,,,,,,,,,,,,,,,,,,,,,,,,,,,,,,,,19300,-9.3,,,,,,,,
,,,,,,,,,,,,,,,,,,,,,,,,,,,,,,,,,,,,,,,19310,-8.9,,,,,,,,
,,,,,,,,,,,,,,,,,,,,,,,,,,,,,,,,,,,,,,,19320,-8.5,,,,,,,,
,,,,,,,,,,,,,,,,,,,,,,,,,,,,,,,,,,,,,,,19330,-8.1,,,,,,,,
,,,,,,,,,,,,,,,,,,,,,,,,,,,,,,,,,,,,,,,19340,-7.7,,,,,,,,
,,,,,,,,,,,,,,,,,,,,,,,,,,,,,,,,,,,,,,,19350,-7.3,,,,,,,,
,,,,,,,,,,,,,,,,,,,,,,,,,,,,,,,,,,,,,,,19360,-7.0,,,,,,,,
,,,,,,,,,,,,,,,,,,,,,,,,,,,,,,,,,,,,,,,19370,-6.6,,,,,,,,
,,,,,,,,,,,,,,,,,,,,,,,,,,,,,,,,,,,,,,,19380,-6.2,,,,,,,,
,,,,,,,,,,,,,,,,,,,,,,,,,,,,,,,,,,,,,,,19390,-5.7,,,,,,,,
,,,,,,,,,,,,,,,,,,,,,,,,,,,,,,,,,,,,,,,19400,-5.3,,,,,,,,
,,,,,,,,,,,,,,,,,,,,,,,,,,,,,,,,,,,,,,,19410,-4.8,,,,,,,,
,,,,,,,,,,,,,,,,,,,,,,,,,,,,,,,,,,,,,,,19420,-4.4,,,,,,,,
,,,,,,,,,,,,,,,,,,,,,,,,,,,,,,,,,,,,,,,19430,-3.9,,,,,,,,
,,,,,,,,,,,,,,,,,,,,,,,,,,,,,,,,,,,,,,,19440,-3.4,,,,,,,,
,,,,,,,,,,,,,,,,,,,,,,,,,,,,,,,,,,,,,,,19450,-3.0,,,,,,,,
,,,,,,,,,,,,,,,,,,,,,,,,,,,,,,,,,,,,,,,19460,-2.5,,,,,,,,
,,,,,,,,,,,,,,,,,,,,,,,,,,,,,,,,,,,,,,,19470,-2.0,,,,,,,,
,,,,,,,,,,,,,,,,,,,,,,,,,,,,,,,,,,,,,,,19480,-1.6,,,,,,,,
,,,,,,,,,,,,,,,,,,,,,,,,,,,,,,,,,,,,,,,19490,-1.1,,,,,,,,
,,,,,,,,,,,,,,,,,,,,,,,,,,,,,,,,,,,,,,,19500,-0.7,,,,,,,,
,,,,,,,,,,,,,,,,,,,,,,,,,,,,,,,,,,,,,,,19510,-0.3,,,,,,,,
,,,,,,,,,,,,,,,,,,,,,,,,,,,,,,,,,,,,,,,19520,0.0,,,,,,,,
,,,,,,,,,,,,,,,,,,,,,,,,,,,,,,,,,,,,,,,19530,0.4,,,,,,,,
,,,,,,,,,,,,,,,,,,,,,,,,,,,,,,,,,,,,,,,19540,0.7,,,,,,,,
,,,,,,,,,,,,,,,,,,,,,,,,,,,,,,,,,,,,,,,19550,0.9,,,,,,,,
,,,,,,,,,,,,,,,,,,,,,,,,,,,,,,,,,,,,,,,19560,1.2,,,,,,,,
,,,,,,,,,,,,,,,,,,,,,,,,,,,,,,,,,,,,,,,19570,1.5,,,,,,,,
,,,,,,,,,,,,,,,,,,,,,,,,,,,,,,,,,,,,,,,19580,1.7,,,,,,,,
,,,,,,,,,,,,,,,,,,,,,,,,,,,,,,,,,,,,,,,19590,2.0,,,,,,,,
,,,,,,,,,,,,,,,,,,,,,,,,,,,,,,,,,,,,,,,19600,2.2,,,,,,,,
,,,,,,,,,,,,,,,,,,,,,,,,,,,,,,,,,,,,,,,19610,2.5,,,,,,,,
,,,,,,,,,,,,,,,,,,,,,,,,,,,,,,,,,,,,,,,19620,2.8,,,,,,,,
,,,,,,,,,,,,,,,,,,,,,,,,,,,,,,,,,,,,,,,19630,3.1,,,,,,,,
,,,,,,,,,,,,,,,,,,,,,,,,,,,,,,,,,,,,,,,19640,3.5,,,,,,,,
,,,,,,,,,,,,,,,,,,,,,,,,,,,,,,,,,,,,,,,19650,3.9,,,,,,,,
,,,,,,,,,,,,,,,,,,,,,,,,,,,,,,,,,,,,,,,19660,4.3,,,,,,,,
,,,,,,,,,,,,,,,,,,,,,,,,,,,,,,,,,,,,,,,19670,4.8,,,,,,,,
,,,,,,,,,,,,,,,,,,,,,,,,,,,,,,,,,,,,,,,19680,5.2,,,,,,,,
,,,,,,,,,,,,,,,,,,,,,,,,,,,,,,,,,,,,,,,19690,5.7,,,,,,,,
,,,,,,,,,,,,,,,,,,,,,,,,,,,,,,,,,,,,,,,19700,6.2,,,,,,,,
,,,,,,,,,,,,,,,,,,,,,,,,,,,,,,,,,,,,,,,19710,6.8,,,,,,,,
,,,,,,,,,,,,,,,,,,,,,,,,,,,,,,,,,,,,,,,19720,7.3,,,,,,,,
,,,,,,,,,,,,,,,,,,,,,,,,,,,,,,,,,,,,,,,19730,7.8,,,,,,,,
,,,,,,,,,,,,,,,,,,,,,,,,,,,,,,,,,,,,,,,19740,8.3,,,,,,,,
,,,,,,,,,,,,,,,,,,,,,,,,,,,,,,,,,,,,,,,19750,8.8,,,,,,,,
,,,,,,,,,,,,,,,,,,,,,,,,,,,,,,,,,,,,,,,19760,9.2,,,,,,,,
,,,,,,,,,,,,,,,,,,,,,,,,,,,,,,,,,,,,,,,19770,9.7,,,,,,,,
,,,,,,,,,,,,,,,,,,,,,,,,,,,,,,,,,,,,,,,19780,10.1,,,,,,,,
,,,,,,,,,,,,,,,,,,,,,,,,,,,,,,,,,,,,,,,19790,10.5,,,,,,,,
,,,,,,,,,,,,,,,,,,,,,,,,,,,,,,,,,,,,,,,19800,10.9,,,,,,,,
,,,,,,,,,,,,,,,,,,,,,,,,,,,,,,,,,,,,,,,19810,11.3,,,,,,,,
,,,,,,,,,,,,,,,,,,,,,,,,,,,,,,,,,,,,,,,19820,11.6,,,,,,,,
,,,,,,,,,,,,,,,,,,,,,,,,,,,,,,,,,,,,,,,19830,11.9,,,,,,,,
,,,,,,,,,,,,,,,,,,,,,,,,,,,,,,,,,,,,,,,19840,12.3,,,,,,,,
,,,,,,,,,,,,,,,,,,,,,,,,,,,,,,,,,,,,,,,19850,12.5,,,,,,,,
,,,,,,,,,,,,,,,,,,,,,,,,,,,,,,,,,,,,,,,19860,12.8,,,,,,,,
,,,,,,,,,,,,,,,,,,,,,,,,,,,,,,,,,,,,,,,19870,13.1,,,,,,,,
,,,,,,,,,,,,,,,,,,,,,,,,,,,,,,,,,,,,,,,19880,13.3,,,,,,,,
,,,,,,,,,,,,,,,,,,,,,,,,,,,,,,,,,,,,,,,19890,13.5,,,,,,,,
,,,,,,,,,,,,,,,,,,,,,,,,,,,,,,,,,,,,,,,19900,13.7,,,,,,,,
,,,,,,,,,,,,,,,,,,,,,,,,,,,,,,,,,,,,,,,19910,13.8,,,,,,,,
,,,,,,,,,,,,,,,,,,,,,,,,,,,,,,,,,,,,,,,19920,14.0,,,,,,,,
,,,,,,,,,,,,,,,,,,,,,,,,,,,,,,,,,,,,,,,19930,14.1,,,,,,,,
,,,,,,,,,,,,,,,,,,,,,,,,,,,,,,,,,,,,,,,19940,14.2,,,,,,,,
,,,,,,,,,,,,,,,,,,,,,,,,,,,,,,,,,,,,,,,19950,14.2,,,,,,,,
,,,,,,,,,,,,,,,,,,,,,,,,,,,,,,,,,,,,,,,19960,14.3,,,,,,,,
,,,,,,,,,,,,,,,,,,,,,,,,,,,,,,,,,,,,,,,19970,14.3,,,,,,,,
,,,,,,,,,,,,,,,,,,,,,,,,,,,,,,,,,,,,,,,19980,14.3,,,,,,,,
,,,,,,,,,,,,,,,,,,,,,,,,,,,,,,,,,,,,,,,19990,14.3,,,,,,,,
,,,,,,,,,,,,,,,,,,,,,,,,,,,,,,,,,,,,,,,20000,14.3,,,,,,,,
,,,,,,,,,,,,,,,,,,,,,,,,,,,,,,,,,,,,,,,20010,14.2,,,,,,,,
,,,,,,,,,,,,,,,,,,,,,,,,,,,,,,,,,,,,,,,20020,14.2,,,,,,,,
,,,,,,,,,,,,,,,,,,,,,,,,,,,,,,,,,,,,,,,20030,14.1,,,,,,,,
,,,,,,,,,,,,,,,,,,,,,,,,,,,,,,,,,,,,,,,20040,14.1,,,,,,,,
,,,,,,,,,,,,,,,,,,,,,,,,,,,,,,,,,,,,,,,20050,14.0,,,,,,,,
,,,,,,,,,,,,,,,,,,,,,,,,,,,,,,,,,,,,,,,20060,14.0,,,,,,,,
,,,,,,,,,,,,,,,,,,,,,,,,,,,,,,,,,,,,,,,20070,14.0,,,,,,,,
,,,,,,,,,,,,,,,,,,,,,,,,,,,,,,,,,,,,,,,20080,14.0,,,,,,,,
,,,,,,,,,,,,,,,,,,,,,,,,,,,,,,,,,,,,,,,20090,13.9,,,,,,,,
,,,,,,,,,,,,,,,,,,,,,,,,,,,,,,,,,,,,,,,20100,13.9,,,,,,,,
,,,,,,,,,,,,,,,,,,,,,,,,,,,,,,,,,,,,,,,20110,13.9,,,,,,,,
,,,,,,,,,,,,,,,,,,,,,,,,,,,,,,,,,,,,,,,20120,13.9,,,,,,,,
,,,,,,,,,,,,,,,,,,,,,,,,,,,,,,,,,,,,,,,20130,13.9,,,,,,,,
,,,,,,,,,,,,,,,,,,,,,,,,,,,,,,,,,,,,,,,20140,13.8,,,,,,,,
,,,,,,,,,,,,,,,,,,,,,,,,,,,,,,,,,,,,,,,20150,13.7,,,,,,,,
,,,,,,,,,,,,,,,,,,,,,,,,,,,,,,,,,,,,,,,20160,13.6,,,,,,,,
,,,,,,,,,,,,,,,,,,,,,,,,,,,,,,,,,,,,,,,20170,13.5,,,,,,,,
,,,,,,,,,,,,,,,,,,,,,,,,,,,,,,,,,,,,,,,20180,13.4,,,,,,,,
,,,,,,,,,,,,,,,,,,,,,,,,,,,,,,,,,,,,,,,20190,13.2,,,,,,,,
,,,,,,,,,,,,,,,,,,,,,,,,,,,,,,,,,,,,,,,20200,13.0,,,,,,,,
,,,,,,,,,,,,,,,,,,,,,,,,,,,,,,,,,,,,,,,20210,12.7,,,,,,,,
,,,,,,,,,,,,,,,,,,,,,,,,,,,,,,,,,,,,,,,20220,12.5,,,,,,,,
,,,,,,,,,,,,,,,,,,,,,,,,,,,,,,,,,,,,,,,20230,12.2,,,,,,,,
,,,,,,,,,,,,,,,,,,,,,,,,,,,,,,,,,,,,,,,20240,11.9,,,,,,,,
,,,,,,,,,,,,,,,,,,,,,,,,,,,,,,,,,,,,,,,20250,11.6,,,,,,,,
,,,,,,,,,,,,,,,,,,,,,,,,,,,,,,,,,,,,,,,20260,11.3,,,,,,,,
,,,,,,,,,,,,,,,,,,,,,,,,,,,,,,,,,,,,,,,20270,10.9,,,,,,,,
,,,,,,,,,,,,,,,,,,,,,,,,,,,,,,,,,,,,,,,20280,10.6,,,,,,,,
,,,,,,,,,,,,,,,,,,,,,,,,,,,,,,,,,,,,,,,20290,10.3,,,,,,,,
,,,,,,,,,,,,,,,,,,,,,,,,,,,,,,,,,,,,,,,20300,10.0,,,,,,,,
,,,,,,,,,,,,,,,,,,,,,,,,,,,,,,,,,,,,,,,20310,9.7,,,,,,,,
,,,,,,,,,,,,,,,,,,,,,,,,,,,,,,,,,,,,,,,20320,9.4,,,,,,,,
,,,,,,,,,,,,,,,,,,,,,,,,,,,,,,,,,,,,,,,20330,9.2,,,,,,,,
,,,,,,,,,,,,,,,,,,,,,,,,,,,,,,,,,,,,,,,20340,8.9,,,,,,,,
,,,,,,,,,,,,,,,,,,,,,,,,,,,,,,,,,,,,,,,20350,8.7,,,,,,,,
,,,,,,,,,,,,,,,,,,,,,,,,,,,,,,,,,,,,,,,20360,8.4,,,,,,,,
,,,,,,,,,,,,,,,,,,,,,,,,,,,,,,,,,,,,,,,20370,8.2,,,,,,,,
,,,,,,,,,,,,,,,,,,,,,,,,,,,,,,,,,,,,,,,20380,7.9,,,,,,,,
,,,,,,,,,,,,,,,,,,,,,,,,,,,,,,,,,,,,,,,20390,7.7,,,,,,,,
,,,,,,,,,,,,,,,,,,,,,,,,,,,,,,,,,,,,,,,20400,7.4,,,,,,,,
,,,,,,,,,,,,,,,,,,,,,,,,,,,,,,,,,,,,,,,20410,7.1,,,,,,,,
,,,,,,,,,,,,,,,,,,,,,,,,,,,,,,,,,,,,,,,20420,6.8,,,,,,,,
,,,,,,,,,,,,,,,,,,,,,,,,,,,,,,,,,,,,,,,20430,6.5,,,,,,,,
,,,,,,,,,,,,,,,,,,,,,,,,,,,,,,,,,,,,,,,20440,6.1,,,,,,,,
,,,,,,,,,,,,,,,,,,,,,,,,,,,,,,,,,,,,,,,20450,5.8,,,,,,,,
,,,,,,,,,,,,,,,,,,,,,,,,,,,,,,,,,,,,,,,20460,5.4,,,,,,,,
,,,,,,,,,,,,,,,,,,,,,,,,,,,,,,,,,,,,,,,20470,5.0,,,,,,,,
,,,,,,,,,,,,,,,,,,,,,,,,,,,,,,,,,,,,,,,20480,4.6,,,,,,,,
,,,,,,,,,,,,,,,,,,,,,,,,,,,,,,,,,,,,,,,20490,4.2,,,,,,,,
,,,,,,,,,,,,,,,,,,,,,,,,,,,,,,,,,,,,,,,20500,3.8,,,,,,,,
,,,,,,,,,,,,,,,,,,,,,,,,,,,,,,,,,,,,,,,20510,3.3,,,,,,,,
,,,,,,,,,,,,,,,,,,,,,,,,,,,,,,,,,,,,,,,20520,2.9,,,,,,,,
,,,,,,,,,,,,,,,,,,,,,,,,,,,,,,,,,,,,,,,20530,2.5,,,,,,,,
,,,,,,,,,,,,,,,,,,,,,,,,,,,,,,,,,,,,,,,20540,2.1,,,,,,,,
,,,,,,,,,,,,,,,,,,,,,,,,,,,,,,,,,,,,,,,20550,1.8,,,,,,,,
,,,,,,,,,,,,,,,,,,,,,,,,,,,,,,,,,,,,,,,20560,1.4,,,,,,,,
,,,,,,,,,,,,,,,,,,,,,,,,,,,,,,,,,,,,,,,20570,1.1,,,,,,,,
,,,,,,,,,,,,,,,,,,,,,,,,,,,,,,,,,,,,,,,20580,0.7,,,,,,,,
,,,,,,,,,,,,,,,,,,,,,,,,,,,,,,,,,,,,,,,20590,0.4,,,,,,,,
,,,,,,,,,,,,,,,,,,,,,,,,,,,,,,,,,,,,,,,20600,0.1,,,,,,,,
,,,,,,,,,,,,,,,,,,,,,,,,,,,,,,,,,,,,,,,20610,-0.2,,,,,,,,
,,,,,,,,,,,,,,,,,,,,,,,,,,,,,,,,,,,,,,,20620,-0.5,,,,,,,,
,,,,,,,,,,,,,,,,,,,,,,,,,,,,,,,,,,,,,,,20630,-0.8,,,,,,,,
,,,,,,,,,,,,,,,,,,,,,,,,,,,,,,,,,,,,,,,20640,-1.1,,,,,,,,
,,,,,,,,,,,,,,,,,,,,,,,,,,,,,,,,,,,,,,,20650,-1.5,,,,,,,,
,,,,,,,,,,,,,,,,,,,,,,,,,,,,,,,,,,,,,,,20660,-1.8,,,,,,,,
,,,,,,,,,,,,,,,,,,,,,,,,,,,,,,,,,,,,,,,20670,-2.1,,,,,,,,
,,,,,,,,,,,,,,,,,,,,,,,,,,,,,,,,,,,,,,,20680,-2.4,,,,,,,,
,,,,,,,,,,,,,,,,,,,,,,,,,,,,,,,,,,,,,,,20690,-2.7,,,,,,,,
,,,,,,,,,,,,,,,,,,,,,,,,,,,,,,,,,,,,,,,20700,-3.0,,,,,,,,
,,,,,,,,,,,,,,,,,,,,,,,,,,,,,,,,,,,,,,,20710,-3.3,,,,,,,,
,,,,,,,,,,,,,,,,,,,,,,,,,,,,,,,,,,,,,,,20720,-3.6,,,,,,,,
,,,,,,,,,,,,,,,,,,,,,,,,,,,,,,,,,,,,,,,20730,-3.9,,,,,,,,
,,,,,,,,,,,,,,,,,,,,,,,,,,,,,,,,,,,,,,,20740,-4.1,,,,,,,,
,,,,,,,,,,,,,,,,,,,,,,,,,,,,,,,,,,,,,,,20750,-4.4,,,,,,,,
,,,,,,,,,,,,,,,,,,,,,,,,,,,,,,,,,,,,,,,20760,-4.5,,,,,,,,
,,,,,,,,,,,,,,,,,,,,,,,,,,,,,,,,,,,,,,,20770,-4.7,,,,,,,,
,,,,,,,,,,,,,,,,,,,,,,,,,,,,,,,,,,,,,,,20780,-4.8,,,,,,,,
,,,,,,,,,,,,,,,,,,,,,,,,,,,,,,,,,,,,,,,20790,-4.9,,,,,,,,
,,,,,,,,,,,,,,,,,,,,,,,,,,,,,,,,,,,,,,,20800,-5.0,,,,,,,,
,,,,,,,,,,,,,,,,,,,,,,,,,,,,,,,,,,,,,,,20810,-5.0,,,,,,,,
,,,,,,,,,,,,,,,,,,,,,,,,,,,,,,,,,,,,,,,20820,-5.0,,,,,,,,
,,,,,,,,,,,,,,,,,,,,,,,,,,,,,,,,,,,,,,,20830,-5.0,,,,,,,,
,,,,,,,,,,,,,,,,,,,,,,,,,,,,,,,,,,,,,,,20840,-5.0,,,,,,,,
,,,,,,,,,,,,,,,,,,,,,,,,,,,,,,,,,,,,,,,20850,-4.9,,,,,,,,
,,,,,,,,,,,,,,,,,,,,,,,,,,,,,,,,,,,,,,,20860,-4.8,,,,,,,,
,,,,,,,,,,,,,,,,,,,,,,,,,,,,,,,,,,,,,,,20870,-4.7,,,,,,,,
,,,,,,,,,,,,,,,,,,,,,,,,,,,,,,,,,,,,,,,20880,-4.7,,,,,,,,
,,,,,,,,,,,,,,,,,,,,,,,,,,,,,,,,,,,,,,,20890,-4.6,,,,,,,,
,,,,,,,,,,,,,,,,,,,,,,,,,,,,,,,,,,,,,,,20900,-4.5,,,,,,,,
,,,,,,,,,,,,,,,,,,,,,,,,,,,,,,,,,,,,,,,20910,-4.4,,,,,,,,
,,,,,,,,,,,,,,,,,,,,,,,,,,,,,,,,,,,,,,,20920,-4.3,,,,,,,,
,,,,,,,,,,,,,,,,,,,,,,,,,,,,,,,,,,,,,,,20930,-4.2,,,,,,,,
,,,,,,,,,,,,,,,,,,,,,,,,,,,,,,,,,,,,,,,20940,-4.1,,,,,,,,
,,,,,,,,,,,,,,,,,,,,,,,,,,,,,,,,,,,,,,,20950,-4.0,,,,,,,,
,,,,,,,,,,,,,,,,,,,,,,,,,,,,,,,,,,,,,,,20960,-3.9,,,,,,,,
,,,,,,,,,,,,,,,,,,,,,,,,,,,,,,,,,,,,,,,20970,-3.8,,,,,,,,
,,,,,,,,,,,,,,,,,,,,,,,,,,,,,,,,,,,,,,,20980,-3.6,,,,,,,,
,,,,,,,,,,,,,,,,,,,,,,,,,,,,,,,,,,,,,,,20990,-3.5,,,,,,,,
,,,,,,,,,,,,,,,,,,,,,,,,,,,,,,,,,,,,,,,21000,-3.4,,,,,,,,
,,,,,,,,,,,,,,,,,,,,,,,,,,,,,,,,,,,,,,,21010,-3.2,,,,,,,,
,,,,,,,,,,,,,,,,,,,,,,,,,,,,,,,,,,,,,,,21020,-3.0,,,,,,,,
,,,,,,,,,,,,,,,,,,,,,,,,,,,,,,,,,,,,,,,21030,-2.9,,,,,,,,
,,,,,,,,,,,,,,,,,,,,,,,,,,,,,,,,,,,,,,,21040,-2.7,,,,,,,,
,,,,,,,,,,,,,,,,,,,,,,,,,,,,,,,,,,,,,,,21050,-2.5,,,,,,,,
,,,,,,,,,,,,,,,,,,,,,,,,,,,,,,,,,,,,,,,21060,-2.4,,,,,,,,
,,,,,,,,,,,,,,,,,,,,,,,,,,,,,,,,,,,,,,,21070,-2.2,,,,,,,,
,,,,,,,,,,,,,,,,,,,,,,,,,,,,,,,,,,,,,,,21080,-2.1,,,,,,,,
,,,,,,,,,,,,,,,,,,,,,,,,,,,,,,,,,,,,,,,21090,-2.0,,,,,,,,
,,,,,,,,,,,,,,,,,,,,,,,,,,,,,,,,,,,,,,,21100,-1.9,,,,,,,,
,,,,,,,,,,,,,,,,,,,,,,,,,,,,,,,,,,,,,,,21110,-1.8,,,,,,,,
,,,,,,,,,,,,,,,,,,,,,,,,,,,,,,,,,,,,,,,21120,-1.8,,,,,,,,
,,,,,,,,,,,,,,,,,,,,,,,,,,,,,,,,,,,,,,,21130,-1.8,,,,,,,,
,,,,,,,,,,,,,,,,,,,,,,,,,,,,,,,,,,,,,,,21140,-1.8,,,,,,,,
,,,,,,,,,,,,,,,,,,,,,,,,,,,,,,,,,,,,,,,21150,-1.9,,,,,,,,
,,,,,,,,,,,,,,,,,,,,,,,,,,,,,,,,,,,,,,,21160,-1.9,,,,,,,,
,,,,,,,,,,,,,,,,,,,,,,,,,,,,,,,,,,,,,,,21170,-2.0,,,,,,,,
,,,,,,,,,,,,,,,,,,,,,,,,,,,,,,,,,,,,,,,21180,-2.1,,,,,,,,
,,,,,,,,,,,,,,,,,,,,,,,,,,,,,,,,,,,,,,,21190,-2.2,,,,,,,,
,,,,,,,,,,,,,,,,,,,,,,,,,,,,,,,,,,,,,,,21200,-2.3,,,,,,,,
,,,,,,,,,,,,,,,,,,,,,,,,,,,,,,,,,,,,,,,21210,-2.4,,,,,,,,
,,,,,,,,,,,,,,,,,,,,,,,,,,,,,,,,,,,,,,,21220,-2.5,,,,,,,,
,,,,,,,,,,,,,,,,,,,,,,,,,,,,,,,,,,,,,,,21230,-2.6,,,,,,,,
,,,,,,,,,,,,,,,,,,,,,,,,,,,,,,,,,,,,,,,21240,-2.7,,,,,,,,
,,,,,,,,,,,,,,,,,,,,,,,,,,,,,,,,,,,,,,,21250,-2.8,,,,,,,,
,,,,,,,,,,,,,,,,,,,,,,,,,,,,,,,,,,,,,,,21260,-2.9,,,,,,,,
,,,,,,,,,,,,,,,,,,,,,,,,,,,,,,,,,,,,,,,21270,-3.0,,,,,,,,
,,,,,,,,,,,,,,,,,,,,,,,,,,,,,,,,,,,,,,,21280,-3.1,,,,,,,,
,,,,,,,,,,,,,,,,,,,,,,,,,,,,,,,,,,,,,,,21290,-3.2,,,,,,,,
,,,,,,,,,,,,,,,,,,,,,,,,,,,,,,,,,,,,,,,21300,-3.3,,,,,,,,
,,,,,,,,,,,,,,,,,,,,,,,,,,,,,,,,,,,,,,,21310,-3.4,,,,,,,,
,,,,,,,,,,,,,,,,,,,,,,,,,,,,,,,,,,,,,,,21320,-3.5,,,,,,,,
,,,,,,,,,,,,,,,,,,,,,,,,,,,,,,,,,,,,,,,21330,-3.7,,,,,,,,
,,,,,,,,,,,,,,,,,,,,,,,,,,,,,,,,,,,,,,,21340,-3.8,,,,,,,,
,,,,,,,,,,,,,,,,,,,,,,,,,,,,,,,,,,,,,,,21350,-4.0,,,,,,,,
,,,,,,,,,,,,,,,,,,,,,,,,,,,,,,,,,,,,,,,21360,-4.1,,,,,,,,
,,,,,,,,,,,,,,,,,,,,,,,,,,,,,,,,,,,,,,,21370,-4.3,,,,,,,,
,,,,,,,,,,,,,,,,,,,,,,,,,,,,,,,,,,,,,,,21380,-4.5,,,,,,,,
,,,,,,,,,,,,,,,,,,,,,,,,,,,,,,,,,,,,,,,21390,-4.7,,,,,,,,
,,,,,,,,,,,,,,,,,,,,,,,,,,,,,,,,,,,,,,,21400,-4.9,,,,,,,,
,,,,,,,,,,,,,,,,,,,,,,,,,,,,,,,,,,,,,,,21410,-5.0,,,,,,,,
,,,,,,,,,,,,,,,,,,,,,,,,,,,,,,,,,,,,,,,21420,-5.2,,,,,,,,
,,,,,,,,,,,,,,,,,,,,,,,,,,,,,,,,,,,,,,,21430,-5.4,,,,,,,,
,,,,,,,,,,,,,,,,,,,,,,,,,,,,,,,,,,,,,,,21440,-5.5,,,,,,,,
,,,,,,,,,,,,,,,,,,,,,,,,,,,,,,,,,,,,,,,21450,-5.6,,,,,,,,
,,,,,,,,,,,,,,,,,,,,,,,,,,,,,,,,,,,,,,,21460,-5.7,,,,,,,,
,,,,,,,,,,,,,,,,,,,,,,,,,,,,,,,,,,,,,,,21470,-5.8,,,,,,,,
,,,,,,,,,,,,,,,,,,,,,,,,,,,,,,,,,,,,,,,21480,-5.8,,,,,,,,
,,,,,,,,,,,,,,,,,,,,,,,,,,,,,,,,,,,,,,,21490,-5.9,,,,,,,,
,,,,,,,,,,,,,,,,,,,,,,,,,,,,,,,,,,,,,,,21500,-5.9,,,,,,,,
,,,,,,,,,,,,,,,,,,,,,,,,,,,,,,,,,,,,,,,21510,-5.9,,,,,,,,
,,,,,,,,,,,,,,,,,,,,,,,,,,,,,,,,,,,,,,,21520,-5.9,,,,,,,,
,,,,,,,,,,,,,,,,,,,,,,,,,,,,,,,,,,,,,,,21530,-6.0,,,,,,,,
,,,,,,,,,,,,,,,,,,,,,,,,,,,,,,,,,,,,,,,21540,-6.0,,,,,,,,
,,,,,,,,,,,,,,,,,,,,,,,,,,,,,,,,,,,,,,,21550,-6.1,,,,,,,,
,,,,,,,,,,,,,,,,,,,,,,,,,,,,,,,,,,,,,,,21560,-6.2,,,,,,,,
,,,,,,,,,,,,,,,,,,,,,,,,,,,,,,,,,,,,,,,21570,-6.2,,,,,,,,
,,,,,,,,,,,,,,,,,,,,,,,,,,,,,,,,,,,,,,,21580,-6.3,,,,,,,,
,,,,,,,,,,,,,,,,,,,,,,,,,,,,,,,,,,,,,,,21590,-6.5,,,,,,,,
,,,,,,,,,,,,,,,,,,,,,,,,,,,,,,,,,,,,,,,21600,-6.6,,,,,,,,
,,,,,,,,,,,,,,,,,,,,,,,,,,,,,,,,,,,,,,,21610,-6.8,,,,,,,,
,,,,,,,,,,,,,,,,,,,,,,,,,,,,,,,,,,,,,,,21620,-6.9,,,,,,,,
,,,,,,,,,,,,,,,,,,,,,,,,,,,,,,,,,,,,,,,21630,-7.1,,,,,,,,
,,,,,,,,,,,,,,,,,,,,,,,,,,,,,,,,,,,,,,,21640,-7.2,,,,,,,,
,,,,,,,,,,,,,,,,,,,,,,,,,,,,,,,,,,,,,,,21650,-7.4,,,,,,,,
,,,,,,,,,,,,,,,,,,,,,,,,,,,,,,,,,,,,,,,21660,-7.5,,,,,,,,
,,,,,,,,,,,,,,,,,,,,,,,,,,,,,,,,,,,,,,,21670,-7.6,,,,,,,,
,,,,,,,,,,,,,,,,,,,,,,,,,,,,,,,,,,,,,,,21680,-7.6,,,,,,,,
,,,,,,,,,,,,,,,,,,,,,,,,,,,,,,,,,,,,,,,21690,-7.7,,,,,,,,
,,,,,,,,,,,,,,,,,,,,,,,,,,,,,,,,,,,,,,,21700,-7.7,,,,,,,,
,,,,,,,,,,,,,,,,,,,,,,,,,,,,,,,,,,,,,,,21710,-7.6,,,,,,,,
,,,,,,,,,,,,,,,,,,,,,,,,,,,,,,,,,,,,,,,21720,-7.5,,,,,,,,
,,,,,,,,,,,,,,,,,,,,,,,,,,,,,,,,,,,,,,,21730,-7.4,,,,,,,,
,,,,,,,,,,,,,,,,,,,,,,,,,,,,,,,,,,,,,,,21740,-7.2,,,,,,,,
,,,,,,,,,,,,,,,,,,,,,,,,,,,,,,,,,,,,,,,21750,-7.0,,,,,,,,
,,,,,,,,,,,,,,,,,,,,,,,,,,,,,,,,,,,,,,,21760,-6.8,,,,,,,,
,,,,,,,,,,,,,,,,,,,,,,,,,,,,,,,,,,,,,,,21770,-6.5,,,,,,,,
,,,,,,,,,,,,,,,,,,,,,,,,,,,,,,,,,,,,,,,21780,-6.3,,,,,,,,
,,,,,,,,,,,,,,,,,,,,,,,,,,,,,,,,,,,,,,,21790,-6.0,,,,,,,,
,,,,,,,,,,,,,,,,,,,,,,,,,,,,,,,,,,,,,,,21800,-5.6,,,,,,,,
,,,,,,,,,,,,,,,,,,,,,,,,,,,,,,,,,,,,,,,21810,-5.3,,,,,,,,
,,,,,,,,,,,,,,,,,,,,,,,,,,,,,,,,,,,,,,,21820,-5.0,,,,,,,,
,,,,,,,,,,,,,,,,,,,,,,,,,,,,,,,,,,,,,,,21830,-4.6,,,,,,,,
,,,,,,,,,,,,,,,,,,,,,,,,,,,,,,,,,,,,,,,21840,-4.3,,,,,,,,
,,,,,,,,,,,,,,,,,,,,,,,,,,,,,,,,,,,,,,,21850,-3.9,,,,,,,,
,,,,,,,,,,,,,,,,,,,,,,,,,,,,,,,,,,,,,,,21860,-3.6,,,,,,,,
,,,,,,,,,,,,,,,,,,,,,,,,,,,,,,,,,,,,,,,21870,-3.2,,,,,,,,
,,,,,,,,,,,,,,,,,,,,,,,,,,,,,,,,,,,,,,,21880,-2.9,,,,,,,,
,,,,,,,,,,,,,,,,,,,,,,,,,,,,,,,,,,,,,,,21890,-2.5,,,,,,,,
,,,,,,,,,,,,,,,,,,,,,,,,,,,,,,,,,,,,,,,21900,-2.2,,,,,,,,
,,,,,,,,,,,,,,,,,,,,,,,,,,,,,,,,,,,,,,,21910,-1.9,,,,,,,,
,,,,,,,,,,,,,,,,,,,,,,,,,,,,,,,,,,,,,,,21920,-1.6,,,,,,,,
,,,,,,,,,,,,,,,,,,,,,,,,,,,,,,,,,,,,,,,21930,-1.3,,,,,,,,
,,,,,,,,,,,,,,,,,,,,,,,,,,,,,,,,,,,,,,,21940,-1.0,,,,,,,,
,,,,,,,,,,,,,,,,,,,,,,,,,,,,,,,,,,,,,,,21950,-0.7,,,,,,,,
,,,,,,,,,,,,,,,,,,,,,,,,,,,,,,,,,,,,,,,21960,-0.5,,,,,,,,
,,,,,,,,,,,,,,,,,,,,,,,,,,,,,,,,,,,,,,,21970,-0.3,,,,,,,,
,,,,,,,,,,,,,,,,,,,,,,,,,,,,,,,,,,,,,,,21980,-0.2,,,,,,,,
,,,,,,,,,,,,,,,,,,,,,,,,,,,,,,,,,,,,,,,21990,-0.1,,,,,,,,
,,,,,,,,,,,,,,,,,,,,,,,,,,,,,,,,,,,,,,,22000,0.0,,,,,,,,
,,,,,,,,,,,,,,,,,,,,,,,,,,,,,,,,,,,,,,,22010,0.1,,,,,,,,
,,,,,,,,,,,,,,,,,,,,,,,,,,,,,,,,,,,,,,,22020,0.1,,,,,,,,
,,,,,,,,,,,,,,,,,,,,,,,,,,,,,,,,,,,,,,,22030,0.1,,,,,,,,
,,,,,,,,,,,,,,,,,,,,,,,,,,,,,,,,,,,,,,,22040,0.0,,,,,,,,
,,,,,,,,,,,,,,,,,,,,,,,,,,,,,,,,,,,,,,,22050,-0.1,,,,,,,,
,,,,,,,,,,,,,,,,,,,,,,,,,,,,,,,,,,,,,,,22060,-0.1,,,,,,,,
,,,,,,,,,,,,,,,,,,,,,,,,,,,,,,,,,,,,,,,22070,-0.3,,,,,,,,
,,,,,,,,,,,,,,,,,,,,,,,,,,,,,,,,,,,,,,,22080,-0.4,,,,,,,,
,,,,,,,,,,,,,,,,,,,,,,,,,,,,,,,,,,,,,,,22090,-0.5,,,,,,,,
,,,,,,,,,,,,,,,,,,,,,,,,,,,,,,,,,,,,,,,22100,-0.6,,,,,,,,
,,,,,,,,,,,,,,,,,,,,,,,,,,,,,,,,,,,,,,,22110,-0.7,,,,,,,,
,,,,,,,,,,,,,,,,,,,,,,,,,,,,,,,,,,,,,,,22120,-0.7,,,,,,,,
,,,,,,,,,,,,,,,,,,,,,,,,,,,,,,,,,,,,,,,22130,-0.8,,,,,,,,
,,,,,,,,,,,,,,,,,,,,,,,,,,,,,,,,,,,,,,,22140,-0.8,,,,,,,,
,,,,,,,,,,,,,,,,,,,,,,,,,,,,,,,,,,,,,,,22150,-0.8,,,,,,,,
,,,,,,,,,,,,,,,,,,,,,,,,,,,,,,,,,,,,,,,22160,-0.8,,,,,,,,
,,,,,,,,,,,,,,,,,,,,,,,,,,,,,,,,,,,,,,,22170,-0.7,,,,,,,,
,,,,,,,,,,,,,,,,,,,,,,,,,,,,,,,,,,,,,,,22180,-0.6,,,,,,,,
,,,,,,,,,,,,,,,,,,,,,,,,,,,,,,,,,,,,,,,22190,-0.6,,,,,,,,
,,,,,,,,,,,,,,,,,,,,,,,,,,,,,,,,,,,,,,,22200,-0.5,,,,,,,,
,,,,,,,,,,,,,,,,,,,,,,,,,,,,,,,,,,,,,,,22210,-0.4,,,,,,,,
,,,,,,,,,,,,,,,,,,,,,,,,,,,,,,,,,,,,,,,22220,-0.3,,,,,,,,
,,,,,,,,,,,,,,,,,,,,,,,,,,,,,,,,,,,,,,,22230,-0.3,,,,,,,,
,,,,,,,,,,,,,,,,,,,,,,,,,,,,,,,,,,,,,,,22240,-0.2,,,,,,,,
,,,,,,,,,,,,,,,,,,,,,,,,,,,,,,,,,,,,,,,22250,-0.2,,,,,,,,
,,,,,,,,,,,,,,,,,,,,,,,,,,,,,,,,,,,,,,,22260,-0.2,,,,,,,,
,,,,,,,,,,,,,,,,,,,,,,,,,,,,,,,,,,,,,,,22270,-0.2,,,,,,,,
,,,,,,,,,,,,,,,,,,,,,,,,,,,,,,,,,,,,,,,22280,-0.2,,,,,,,,
,,,,,,,,,,,,,,,,,,,,,,,,,,,,,,,,,,,,,,,22290,-0.3,,,,,,,,
,,,,,,,,,,,,,,,,,,,,,,,,,,,,,,,,,,,,,,,22300,-0.3,,,,,,,,
,,,,,,,,,,,,,,,,,,,,,,,,,,,,,,,,,,,,,,,22310,-0.4,,,,,,,,
,,,,,,,,,,,,,,,,,,,,,,,,,,,,,,,,,,,,,,,22320,-0.5,,,,,,,,
,,,,,,,,,,,,,,,,,,,,,,,,,,,,,,,,,,,,,,,22330,-0.6,,,,,,,,
,,,,,,,,,,,,,,,,,,,,,,,,,,,,,,,,,,,,,,,22340,-0.6,,,,,,,,
,,,,,,,,,,,,,,,,,,,,,,,,,,,,,,,,,,,,,,,22350,-0.7,,,,,,,,
,,,,,,,,,,,,,,,,,,,,,,,,,,,,,,,,,,,,,,,22360,-0.7,,,,,,,,
,,,,,,,,,,,,,,,,,,,,,,,,,,,,,,,,,,,,,,,22370,-0.7,,,,,,,,
,,,,,,,,,,,,,,,,,,,,,,,,,,,,,,,,,,,,,,,22380,-0.7,,,,,,,,
,,,,,,,,,,,,,,,,,,,,,,,,,,,,,,,,,,,,,,,22390,-0.7,,,,,,,,
,,,,,,,,,,,,,,,,,,,,,,,,,,,,,,,,,,,,,,,22400,-0.6,,,,,,,,
,,,,,,,,,,,,,,,,,,,,,,,,,,,,,,,,,,,,,,,22410,-0.6,,,,,,,,
,,,,,,,,,,,,,,,,,,,,,,,,,,,,,,,,,,,,,,,22420,-0.5,,,,,,,,
,,,,,,,,,,,,,,,,,,,,,,,,,,,,,,,,,,,,,,,22430,-0.3,,,,,,,,
,,,,,,,,,,,,,,,,,,,,,,,,,,,,,,,,,,,,,,,22440,-0.2,,,,,,,,
,,,,,,,,,,,,,,,,,,,,,,,,,,,,,,,,,,,,,,,22450,-0.1,,,,,,,,
,,,,,,,,,,,,,,,,,,,,,,,,,,,,,,,,,,,,,,,22460,0.1,,,,,,,,
,,,,,,,,,,,,,,,,,,,,,,,,,,,,,,,,,,,,,,,22470,0.3,,,,,,,,
,,,,,,,,,,,,,,,,,,,,,,,,,,,,,,,,,,,,,,,22480,0.4,,,,,,,,
,,,,,,,,,,,,,,,,,,,,,,,,,,,,,,,,,,,,,,,22490,0.6,,,,,,,,
,,,,,,,,,,,,,,,,,,,,,,,,,,,,,,,,,,,,,,,22500,0.7,,,,,,,,
,,,,,,,,,,,,,,,,,,,,,,,,,,,,,,,,,,,,,,,22510,0.8,,,,,,,,
,,,,,,,,,,,,,,,,,,,,,,,,,,,,,,,,,,,,,,,22520,1.0,,,,,,,,
,,,,,,,,,,,,,,,,,,,,,,,,,,,,,,,,,,,,,,,22530,1.1,,,,,,,,
,,,,,,,,,,,,,,,,,,,,,,,,,,,,,,,,,,,,,,,22540,1.2,,,,,,,,
,,,,,,,,,,,,,,,,,,,,,,,,,,,,,,,,,,,,,,,22550,1.3,,,,,,,,
,,,,,,,,,,,,,,,,,,,,,,,,,,,,,,,,,,,,,,,22560,1.4,,,,,,,,
,,,,,,,,,,,,,,,,,,,,,,,,,,,,,,,,,,,,,,,22570,1.6,,,,,,,,
,,,,,,,,,,,,,,,,,,,,,,,,,,,,,,,,,,,,,,,22580,1.7,,,,,,,,
,,,,,,,,,,,,,,,,,,,,,,,,,,,,,,,,,,,,,,,22590,1.8,,,,,,,,
,,,,,,,,,,,,,,,,,,,,,,,,,,,,,,,,,,,,,,,22600,1.9,,,,,,,,
,,,,,,,,,,,,,,,,,,,,,,,,,,,,,,,,,,,,,,,22610,2.0,,,,,,,,
,,,,,,,,,,,,,,,,,,,,,,,,,,,,,,,,,,,,,,,22620,2.1,,,,,,,,
,,,,,,,,,,,,,,,,,,,,,,,,,,,,,,,,,,,,,,,22630,2.3,,,,,,,,
,,,,,,,,,,,,,,,,,,,,,,,,,,,,,,,,,,,,,,,22640,2.4,,,,,,,,
,,,,,,,,,,,,,,,,,,,,,,,,,,,,,,,,,,,,,,,22650,2.5,,,,,,,,
,,,,,,,,,,,,,,,,,,,,,,,,,,,,,,,,,,,,,,,22660,2.6,,,,,,,,
,,,,,,,,,,,,,,,,,,,,,,,,,,,,,,,,,,,,,,,22670,2.6,,,,,,,,
,,,,,,,,,,,,,,,,,,,,,,,,,,,,,,,,,,,,,,,22680,2.7,,,,,,,,
,,,,,,,,,,,,,,,,,,,,,,,,,,,,,,,,,,,,,,,22690,2.7,,,,,,,,
,,,,,,,,,,,,,,,,,,,,,,,,,,,,,,,,,,,,,,,22700,2.7,,,,,,,,
,,,,,,,,,,,,,,,,,,,,,,,,,,,,,,,,,,,,,,,22710,2.7,,,,,,,,
,,,,,,,,,,,,,,,,,,,,,,,,,,,,,,,,,,,,,,,22720,2.7,,,,,,,,
,,,,,,,,,,,,,,,,,,,,,,,,,,,,,,,,,,,,,,,22730,2.6,,,,,,,,
,,,,,,,,,,,,,,,,,,,,,,,,,,,,,,,,,,,,,,,22740,2.5,,,,,,,,
,,,,,,,,,,,,,,,,,,,,,,,,,,,,,,,,,,,,,,,22750,2.5,,,,,,,,
,,,,,,,,,,,,,,,,,,,,,,,,,,,,,,,,,,,,,,,22760,2.4,,,,,,,,
,,,,,,,,,,,,,,,,,,,,,,,,,,,,,,,,,,,,,,,22770,2.2,,,,,,,,
,,,,,,,,,,,,,,,,,,,,,,,,,,,,,,,,,,,,,,,22780,2.1,,,,,,,,
,,,,,,,,,,,,,,,,,,,,,,,,,,,,,,,,,,,,,,,22790,2.0,,,,,,,,
,,,,,,,,,,,,,,,,,,,,,,,,,,,,,,,,,,,,,,,22800,1.9,,,,,,,,
,,,,,,,,,,,,,,,,,,,,,,,,,,,,,,,,,,,,,,,22810,1.8,,,,,,,,
,,,,,,,,,,,,,,,,,,,,,,,,,,,,,,,,,,,,,,,22820,1.8,,,,,,,,
,,,,,,,,,,,,,,,,,,,,,,,,,,,,,,,,,,,,,,,22830,1.7,,,,,,,,
,,,,,,,,,,,,,,,,,,,,,,,,,,,,,,,,,,,,,,,22840,1.7,,,,,,,,
,,,,,,,,,,,,,,,,,,,,,,,,,,,,,,,,,,,,,,,22850,1.6,,,,,,,,
,,,,,,,,,,,,,,,,,,,,,,,,,,,,,,,,,,,,,,,22860,1.6,,,,,,,,
,,,,,,,,,,,,,,,,,,,,,,,,,,,,,,,,,,,,,,,22870,1.6,,,,,,,,
,,,,,,,,,,,,,,,,,,,,,,,,,,,,,,,,,,,,,,,22880,1.6,,,,,,,,
,,,,,,,,,,,,,,,,,,,,,,,,,,,,,,,,,,,,,,,22890,1.6,,,,,,,,
,,,,,,,,,,,,,,,,,,,,,,,,,,,,,,,,,,,,,,,22900,1.7,,,,,,,,
,,,,,,,,,,,,,,,,,,,,,,,,,,,,,,,,,,,,,,,22910,1.7,,,,,,,,
,,,,,,,,,,,,,,,,,,,,,,,,,,,,,,,,,,,,,,,22920,1.6,,,,,,,,
,,,,,,,,,,,,,,,,,,,,,,,,,,,,,,,,,,,,,,,22930,1.6,,,,,,,,
,,,,,,,,,,,,,,,,,,,,,,,,,,,,,,,,,,,,,,,22940,1.6,,,,,,,,
,,,,,,,,,,,,,,,,,,,,,,,,,,,,,,,,,,,,,,,22950,1.5,,,,,,,,
,,,,,,,,,,,,,,,,,,,,,,,,,,,,,,,,,,,,,,,22960,1.5,,,,,,,,
,,,,,,,,,,,,,,,,,,,,,,,,,,,,,,,,,,,,,,,22970,1.4,,,,,,,,
,,,,,,,,,,,,,,,,,,,,,,,,,,,,,,,,,,,,,,,22980,1.3,,,,,,,,
,,,,,,,,,,,,,,,,,,,,,,,,,,,,,,,,,,,,,,,22990,1.2,,,,,,,,
,,,,,,,,,,,,,,,,,,,,,,,,,,,,,,,,,,,,,,,23000,1.1,,,,,,,,
,,,,,,,,,,,,,,,,,,,,,,,,,,,,,,,,,,,,,,,23010,1.0,,,,,,,,
,,,,,,,,,,,,,,,,,,,,,,,,,,,,,,,,,,,,,,,23020,0.9,,,,,,,,
,,,,,,,,,,,,,,,,,,,,,,,,,,,,,,,,,,,,,,,23030,0.8,,,,,,,,
,,,,,,,,,,,,,,,,,,,,,,,,,,,,,,,,,,,,,,,23040,0.7,,,,,,,,
,,,,,,,,,,,,,,,,,,,,,,,,,,,,,,,,,,,,,,,23050,0.6,,,,,,,,
,,,,,,,,,,,,,,,,,,,,,,,,,,,,,,,,,,,,,,,23060,0.5,,,,,,,,
,,,,,,,,,,,,,,,,,,,,,,,,,,,,,,,,,,,,,,,23070,0.5,,,,,,,,
,,,,,,,,,,,,,,,,,,,,,,,,,,,,,,,,,,,,,,,23080,0.4,,,,,,,,
,,,,,,,,,,,,,,,,,,,,,,,,,,,,,,,,,,,,,,,23090,0.4,,,,,,,,
,,,,,,,,,,,,,,,,,,,,,,,,,,,,,,,,,,,,,,,23100,0.3,,,,,,,,
,,,,,,,,,,,,,,,,,,,,,,,,,,,,,,,,,,,,,,,23110,0.3,,,,,,,,
,,,,,,,,,,,,,,,,,,,,,,,,,,,,,,,,,,,,,,,23120,0.3,,,,,,,,
,,,,,,,,,,,,,,,,,,,,,,,,,,,,,,,,,,,,,,,23130,0.2,,,,,,,,
,,,,,,,,,,,,,,,,,,,,,,,,,,,,,,,,,,,,,,,23140,0.2,,,,,,,,
,,,,,,,,,,,,,,,,,,,,,,,,,,,,,,,,,,,,,,,23150,0.2,,,,,,,,
,,,,,,,,,,,,,,,,,,,,,,,,,,,,,,,,,,,,,,,23160,0.1,,,,,,,,
,,,,,,,,,,,,,,,,,,,,,,,,,,,,,,,,,,,,,,,23170,0.1,,,,,,,,
,,,,,,,,,,,,,,,,,,,,,,,,,,,,,,,,,,,,,,,23180,0.0,,,,,,,,
,,,,,,,,,,,,,,,,,,,,,,,,,,,,,,,,,,,,,,,23190,-0.1,,,,,,,,
,,,,,,,,,,,,,,,,,,,,,,,,,,,,,,,,,,,,,,,23200,-0.1,,,,,,,,
,,,,,,,,,,,,,,,,,,,,,,,,,,,,,,,,,,,,,,,23210,-0.2,,,,,,,,
,,,,,,,,,,,,,,,,,,,,,,,,,,,,,,,,,,,,,,,23220,-0.3,,,,,,,,
,,,,,,,,,,,,,,,,,,,,,,,,,,,,,,,,,,,,,,,23230,-0.3,,,,,,,,
,,,,,,,,,,,,,,,,,,,,,,,,,,,,,,,,,,,,,,,23240,-0.4,,,,,,,,
,,,,,,,,,,,,,,,,,,,,,,,,,,,,,,,,,,,,,,,23250,-0.4,,,,,,,,
,,,,,,,,,,,,,,,,,,,,,,,,,,,,,,,,,,,,,,,23260,-0.5,,,,,,,,
,,,,,,,,,,,,,,,,,,,,,,,,,,,,,,,,,,,,,,,23270,-0.5,,,,,,,,
,,,,,,,,,,,,,,,,,,,,,,,,,,,,,,,,,,,,,,,23280,-0.5,,,,,,,,
,,,,,,,,,,,,,,,,,,,,,,,,,,,,,,,,,,,,,,,23290,-0.5,,,,,,,,
,,,,,,,,,,,,,,,,,,,,,,,,,,,,,,,,,,,,,,,23300,-0.5,,,,,,,,
,,,,,,,,,,,,,,,,,,,,,,,,,,,,,,,,,,,,,,,23310,-0.5,,,,,,,,
,,,,,,,,,,,,,,,,,,,,,,,,,,,,,,,,,,,,,,,23320,-0.5,,,,,,,,
,,,,,,,,,,,,,,,,,,,,,,,,,,,,,,,,,,,,,,,23330,-0.5,,,,,,,,
,,,,,,,,,,,,,,,,,,,,,,,,,,,,,,,,,,,,,,,23340,-0.4,,,,,,,,
,,,,,,,,,,,,,,,,,,,,,,,,,,,,,,,,,,,,,,,23350,-0.4,,,,,,,,
,,,,,,,,,,,,,,,,,,,,,,,,,,,,,,,,,,,,,,,23360,-0.4,,,,,,,,
,,,,,,,,,,,,,,,,,,,,,,,,,,,,,,,,,,,,,,,23370,-0.3,,,,,,,,
,,,,,,,,,,,,,,,,,,,,,,,,,,,,,,,,,,,,,,,23380,-0.3,,,,,,,,
,,,,,,,,,,,,,,,,,,,,,,,,,,,,,,,,,,,,,,,23390,-0.3,,,,,,,,
,,,,,,,,,,,,,,,,,,,,,,,,,,,,,,,,,,,,,,,23400,-0.2,,,,,,,,
,,,,,,,,,,,,,,,,,,,,,,,,,,,,,,,,,,,,,,,23410,-0.2,,,,,,,,
,,,,,,,,,,,,,,,,,,,,,,,,,,,,,,,,,,,,,,,23420,-0.2,,,,,,,,
,,,,,,,,,,,,,,,,,,,,,,,,,,,,,,,,,,,,,,,23430,-0.2,,,,,,,,
,,,,,,,,,,,,,,,,,,,,,,,,,,,,,,,,,,,,,,,23440,-0.1,,,,,,,,
,,,,,,,,,,,,,,,,,,,,,,,,,,,,,,,,,,,,,,,23450,-0.1,,,,,,,,
,,,,,,,,,,,,,,,,,,,,,,,,,,,,,,,,,,,,,,,23460,-0.1,,,,,,,,
,,,,,,,,,,,,,,,,,,,,,,,,,,,,,,,,,,,,,,,23470,-0.1,,,,,,,,
,,,,,,,,,,,,,,,,,,,,,,,,,,,,,,,,,,,,,,,23480,-0.1,,,,,,,,
,,,,,,,,,,,,,,,,,,,,,,,,,,,,,,,,,,,,,,,23490,0.0,,,,,,,,
,,,,,,,,,,,,,,,,,,,,,,,,,,,,,,,,,,,,,,,23500,0.0,,,,,,,,
,,,,,,,,,,,,,,,,,,,,,,,,,,,,,,,,,,,,,,,23510,0.0,,,,,,,,
,,,,,,,,,,,,,,,,,,,,,,,,,,,,,,,,,,,,,,,23520,0.0,,,,,,,,
,,,,,,,,,,,,,,,,,,,,,,,,,,,,,,,,,,,,,,,23530,0.0,,,,,,,,
,,,,,,,,,,,,,,,,,,,,,,,,,,,,,,,,,,,,,,,23540,0.0,,,,,,,,
,,,,,,,,,,,,,,,,,,,,,,,,,,,,,,,,,,,,,,,23550,0.0,,,,,,,,
,,,,,,,,,,,,,,,,,,,,,,,,,,,,,,,,,,,,,,,23560,0.0,,,,,,,,
,,,,,,,,,,,,,,,,,,,,,,,,,,,,,,,,,,,,,,,23570,0.0,,,,,,,,
,,,,,,,,,,,,,,,,,,,,,,,,,,,,,,,,,,,,,,,23580,0.0,,,,,,,,
,,,,,,,,,,,,,,,,,,,,,,,,,,,,,,,,,,,,,,,23590,0.0,,,,,,,,
,,,,,,,,,,,,,,,,,,,,,,,,,,,,,,,,,,,,,,,23600,0.0,,,,,,,,
